ORDER_NO,CUSTOMER,DOC_DATE,CURR,NET_AMOUNT,STATUS,SALES_CHANNEL
SO-500001,C-100364,05/17/2023,SAR,19766.49,delivered,In-store
SO-500002,C-100133,09/19/2018,SAR,10371.96,Delivered to client,POS
SO-500003,C-100335,03/04/2021,AED,15666.01,delivered,STORE
SO-500004,C-100332,07/17/2019,SAR,"7,660.09",تم التسليم,Web
SO-500005,C-100179,09/17/2021,KWD,"3,759.85",تم الشحن,ONLINE
SO-500006,C-100048,04/09/2026,SAR,15220.33,shipped,STORE
SO-500007,C-100227,09/18/2025,SAR,12785.87,تم التسليم,ONLINE
SO-500008,C-100123,09/21/2019,QAR,10307.78,shipped,ONLINE
SO-500009,C-100165,05/03/2024,QAR,4487.91,مرتجع,ONLINE
SO-500010,C-100068,08/16/2024,KD,17171.61,delivered,PARTNER
SO-500011,C-100282,01/30/2023,SAR,4484.83,delivered,ONLINE
SO-500012,C-100269,02/15/2022,SAR,"14,026.95",Delivered to client,PARTNER
SO-500013,C-100366,07/24/2019,SAR,٧٠٠ ريال,Delivered to client,Branch
SO-500014,C-100034,12/22/2025,SR,"11,310.80",Delivered to client,Branch
SO-500015,C-100265,03/04/2026,SAR,19098.57,تم التسليم,ONLINE
SO-500016,C-100049,05/24/2026,SAR,"7,816.90",Dispatched,E-commerce
SO-500017,C-100065,02/27/2025,SAR,11417.28,تم التسليم,ONLINE
SO-500018,C-100143,02/22/2019,€,17065.24,delivered,ONLINE
SO-500019,C-100275,04/07/2020,ريال,5743.69,تم التسليم,E-commerce
SO-500020,C-100001,06/20/2023,SAR,14031.35,shipped,STORE
SO-500021,C-100003,12/09/2023,SAR,14019.32,delivered,ONLINE
SO-500022,C-100167,05/14/2019,USD,16896.61,قيد الانتظار,ONLINE
SO-500023,C-100391,05/20/2018,SAR,"17,149.80",تم التسليم,STORE
SO-500024,C-100313,11/26/2023,SAR,"1,053.63",delivered,PARTNER
SO-500025,C-100342,03/07/2023,ريال,"15,945.91",تم التسليم,Web
SO-500026,C-100315,02/01/2018,QAR,"6,976.17",تم التسليم,PARTNER
SO-500027,C-100261,04/01/2021,SAR,11063.64,delivered,Web
SO-500028,C-100352,04/13/2019,USD,5829.33,delivered,STORE
SO-500029,C-100103,10/13/2021,US$,"5,572.55",delivered,Web
SO-500030,C-100188,09/23/2019,SAR,13230.36,Delivered to client,ONLINE
SO-500031,C-100098,08/22/2019,SAR,591.11,تم التسليم,POS
SO-500032,C-100301,09/14/2024,OMR,12578.63,تم التسليم,STORE
SO-500033,C-100046,08/26/2024,SAR,"4,342.53",تم التسليم,Telephone
SO-500034,C-100114,03/31/2018,BD,5367.74,Delivered to client,POS
SO-500035,C-100008,08/09/2018,SAR,"15,129.04",Delivered to client,online
SO-500036,C-100373,10/08/2018,EUR,"1,889.78",Returned - damaged,online
SO-500037,C-100274,11/10/2021,SAR,9574.83,delivered,STORE
SO-500038,C-100395,06/27/2020,USD,"16,881.72",Dispatched,PARTNER
SO-500039,C-100290,01/27/2018,SAR,"3,754.60",Delivered to client,Web
SO-500040,C-100275,03/25/2025,SAR,4801.74,shipped,STORE
SO-500041,C-100141,06/20/2021,SAR,12983.62,قيد الانتظار,E-commerce
SO-500042,C-100251,10/29/2024,SAR,"7,242.52",cancelled,STORE
SO-500043,C-100316,12/10/2018,EUR,"12,767.71",delivered,POS
SO-500044,C-100232,07/08/2025,QR,9840.20,shipped,online
SO-500045,C-100388,06/30/2023,SAR,17231.47,delivered,STORE
SO-500046,C-100021,07/16/2025,SAR,٢١٠٠ ريال,delivered,Call center
SO-500047,C-100272,07/13/2023,Riyal,"16,930.44",delivered,ONLINE
SO-500048,C-100157,08/21/2019,Riyal,737.52,ملغي,In-store
SO-500049,C-100044,09/29/2023,AED,8651.72,تم التسليم,STORE
SO-500050,C-100049,12/03/2021,SAR,5074.71,تم التسليم,STORE
SO-500051,C-100077,11/28/2018,SAR,"16,854.59",Delivered to client,PARTNER
SO-500052,C-100287,06/09/2023,Riyal,18084.19,تم التسليم,PARTNER
SO-500053,C-100318,08/31/2023,SAR,"14,636.83",Dispatched,STORE
SO-500054,C-100315,09/10/2019,KWD,6973.60,تم التسليم,ONLINE
SO-500055,C-100120,12/11/2019,SAR,"13,620.37",Delivered to client,STORE
SO-500056,C-100086,02/03/2019,SAR,"19,389.14",Awaiting shipment,STORE
SO-500057,C-100184,10/05/2020,SAR,15985.59,تم التسليم,In-store
SO-500058,C-100207,01/21/2023,ريال,"6,740.04",Delivered to client,ONLINE
SO-500059,C-100090,12/20/2021,SAR,"10,940.78",delivered,STORE
SO-500060,C-100258,09/17/2018,SAR,16516.97,تم التسليم,E-commerce
SO-500061,C-100349,12/09/2021,Riyal,15643.07,shipped,Call center
SO-500062,C-100236,09/12/2024,SAR,"5,714.62",delivered,STORE
SO-500063,C-100338,08/03/2020,AED,17224.50,تم التسليم,POS
SO-500064,C-100306,12/17/2022,SAR,4268.62,Delivered to client,Telephone
SO-500065,C-100116,09/08/2022,Riyal,3341.90,تم التسليم,STORE
SO-500066,C-100113,11/11/2025,AED,288.43,تم التسليم,ONLINE
SO-500067,C-100004,03/11/2022,SR,12732.49,shipped,STORE
SO-500068,C-100210,03/15/2026,USD,"10,800.99",تم الشحن,Web
SO-500069,C-100394,08/12/2018,SAR,13591.75,shipped,ONLINE
SO-500070,C-100121,08/29/2021,ريال,"6,865.87",delivered,Call center
SO-500071,C-100353,10/24/2024,QAR,"14,909.43",Returned - damaged,ONLINE
SO-500072,C-100255,11/26/2023,SAR,11.4K,Dispatched,STORE
SO-500073,C-100296,06/01/2021,SAR,"3,920.52",قيد الانتظار,STORE
SO-500074,C-100153,03/25/2020,SAR,19118.44,تم الشحن,In-store
SO-500075,C-100045,05/20/2023,SAR,7911.51,قيد الانتظار,STORE
SO-500076,C-100025,02/20/2026,AED,"2,719.72",تم التسليم,In-store
SO-500077,C-100067,08/25/2019,SAR,19227.31,Awaiting shipment,In-store
SO-500078,C-100223,05/23/2026,SAR,"6,857.70",delivered,STORE
SO-500079,C-100106,11/28/2022,ريال,"8,997.53",delivered,ONLINE
SO-500080,C-100369,09/30/2020,SAR,"16,963.01",تم التسليم,Telephone
SO-500081,C-100135,07/07/2019,USD,5840.67,delivered,STORE
SO-500082,C-100182,02/27/2024,SAR,"14,756.52",تم التسليم,Reseller
SO-500083,C-100250,01/19/2025,AED,2337.72,Delivered to client,Web
SO-500084,C-100156,11/23/2018,AED,13302.52,Dispatched,STORE
SO-500085,C-100243,12/07/2018,ريال,"8,747.40",Awaiting shipment,ONLINE
SO-500086,C-100194,01/18/2026,SAR,12419.67,cancelled,STORE
SO-500087,C-100298,01/06/2026,SAR,4427.41,Awaiting shipment,STORE
SO-500088,C-100240,06/23/2026,SAR,"12,312.56",delivered,ONLINE
SO-500089,C-100279,07/29/2022,ريال,795.13,تم التسليم,Partner
SO-500090,C-100379,11/30/2023,QAR,12201.39,تم التسليم,ONLINE
SO-500091,C-100347,08/07/2026,BHD,540.55,shipped,ONLINE
SO-500092,C-100289,09/03/2023,€,10594.46,delivered,STORE
SO-500093,C-100345,05/29/2020,SAR,19552.40,مرتجع,Reseller
SO-500094,C-100227,05/20/2021,AED,4158.85,Delivered to client,STORE
SO-500095,C-100283,03/04/2020,AED,4511.97,returned,ONLINE
SO-500096,C-100302,07/14/2024,SAR,"14,391.58",تم التسليم,Partner
SO-500097,C-100332,01/31/2024,SAR,19404.26,delivered,Telephone
SO-500098,C-100363,10/26/2018,SAR,19824.93,تم التسليم,PHONE
SO-500099,C-100340,10/16/2023,QAR,9979.76,تم التسليم,PHONE
SO-500100,C-100338,02/10/2026,AED,8.2K,Delivered to client,ONLINE
SO-500101,C-100049,04/14/2021,SAR,14349.22,delivered,online
SO-500102,C-100370,09/21/2021,Riyal,11659.73,تم الشحن,ONLINE
SO-500103,C-100318,10/01/2024,SAR,"12,274.21",Canceled,PARTNER
SO-500104,C-100230,09/15/2020,SAR,13355.10,Delivered to client,POS
SO-500105,C-100144,11/04/2021,KWD,9975.66,cancelled,Reseller
SO-500106,C-100363,07/11/2025,USD,3878.00,Delivered to client,Branch
SO-500107,C-100226,06/09/2023,AED,14966.28,delivered,ONLINE
SO-500108,C-100194,06/07/2018,SAR,1122.53,delivered,STORE
SO-500109,C-100087,05/25/2022,BD,"16,220.56",تم التسليم,Web
SO-500110,C-100368,10/19/2018,Dirham,4609.85,تم التسليم,online
SO-500111,C-100382,09/29/2019,SAR,2136.89,Delivered to client,Call center
SO-500112,C-100157,05/25/2019,QAR,"3,635.38",تم التسليم,Telephone
SO-500113,C-100192,09/27/2024,BD,"13,223.57",تم التسليم,Web
SO-500114,C-100228,02/05/2026,SAR,"2,125.37",تم التسليم,PARTNER
SO-500115,C-100067,04/12/2025,$,12740.12,delivered,ONLINE
SO-500116,C-100312,02/26/2020,ريال,١١٠٠ ريال,قيد الانتظار,PARTNER
SO-500117,C-100366,09/25/2021,AED,7624.32,Delivered to client,In-store
SO-500118,C-100341,08/14/2020,SAR,13034.17,shipped,In-store
SO-500119,C-100348,08/15/2020,QAR,10018.93,pending,ONLINE
SO-500120,C-100185,12/02/2023,KWD,7603.44,delivered,In-store
SO-500121,C-100350,02/19/2019,ريال,"4,020.59",delivered,ONLINE
SO-500122,C-100327,09/07/2019,SAR,١٢٩٠٠ ريال,Delivered to client,Branch
SO-500123,C-100186,11/30/2023,KD,"7,688.76",shipped,ONLINE
SO-500124,C-100052,12/19/2020,Riyal,"3,104.51",Delivered to client,ONLINE
SO-500125,C-100360,08/13/2024,SAR,2361.99,Delivered to client,online
SO-500126,C-100078,08/17/2019,SAR,17485.49,تم التسليم,Branch
SO-500127,C-100052,08/03/2021,SAR,11029.03,ملغي,PARTNER
SO-500128,C-100063,06/18/2019,USD,994.52,Awaiting shipment,STORE
SO-500129,C-100010,01/14/2024,USD,7746.99,Delivered to client,STORE
SO-500130,C-100182,08/02/2023,SAR,2329.32,pending,ONLINE
SO-500131,C-100388,05/18/2021,SAR,10750.84,cancelled,ONLINE
SO-500132,C-100106,05/28/2022,USD,2881.67,قيد الانتظار,E-commerce
SO-500133,C-100302,12/02/2022,SAR,19956.01,delivered,POS
SO-500134,C-100341,12/05/2024,SAR,"5,982.34",Delivered to client,In-store
SO-500135,C-100087,01/30/2021,SAR,7223.60,Delivered to client,Web
SO-500136,C-100217,04/24/2022,QR,"11,909.82",delivered,STORE
SO-500137,C-100200,02/22/2022,AED,13107.33,تم التسليم,PARTNER
SO-500138,C-100312,05/16/2019,AED,1464.06,Dispatched,Web
SO-500139,C-100266,05/29/2025,SAR,963.40,delivered,STORE
SO-500140,C-100063,05/24/2021,AED,8163.37,Delivered to client,Partner
SO-500141,C-100153,01/20/2022,ريال,"18,813.40",delivered,Telephone
SO-500142,C-100248,02/06/2022,QR,16351.54,مرتجع,STORE
SO-500143,C-100350,12/13/2021,SAR,8949.03,cancelled,STORE
SO-500144,C-100057,10/19/2018,SAR,18424.47,تم التسليم,online
SO-500145,C-100090,04/04/2018,SAR,9222.80,مرتجع,ONLINE
SO-500146,C-100235,09/02/2021,AED,11K,delivered,ONLINE
SO-500147,C-100270,02/13/2023,ريال,5716.32,ملغي,E-commerce
SO-500148,C-100176,07/09/2023,SAR,13719.97,تم الشحن,POS
SO-500149,C-100172,11/08/2021,SAR,3294.13,Dispatched,In-store
SO-500150,C-100181,12/22/2018,SAR,"5,062.66",Delivered to client,online
SO-500151,C-100263,12/05/2021,EUR,7598.57,Delivered to client,E-commerce
SO-500152,C-100184,06/06/2021,SAR,"13,258.29",delivered,POS
SO-500153,C-100276,04/15/2018,QAR,"7,726.29",تم التسليم,ONLINE
SO-500154,C-100104,09/25/2021,EUR,"1,260.09",delivered,E-commerce
SO-500155,C-100290,09/09/2025,SAR,٣٦٠٠ ريال,Dispatched,Reseller
SO-500156,C-100256,12/23/2025,$,"11,769.66",Delivered to client,PHONE
SO-500157,C-100030,08/30/2021,SAR,"13,920.54",ملغي,ONLINE
SO-500158,C-100220,01/14/2020,SAR,19503.29,delivered,ONLINE
SO-500159,C-100189,08/06/2019,SAR,12773.81,returned,online
SO-500160,C-100278,08/25/2024,SAR,19764.66,مرتجع,STORE
SO-500161,C-100079,11/18/2024,SAR,17.4K,تم التسليم,STORE
SO-500162,C-100337,02/10/2023,Riyal,6924.61,Canceled,ONLINE
SO-500163,C-100093,02/11/2020,OMR,2797.91,delivered,ONLINE
SO-500164,C-100212,03/13/2021,SAR,19265.09,delivered,ONLINE
SO-500165,C-100002,04/03/2025,BD,14615.09,Delivered to client,Web
SO-500166,C-100351,10/20/2022,USD,13956.94,تم التسليم,online
SO-500167,C-100120,05/12/2025,SAR,"SAR 18,787.48",تم التسليم,ONLINE
SO-500168,C-100083,08/31/2023,SAR,"15,232.63",delivered,online
SO-500169,C-100071,03/24/2021,Dirham,5836.74,تم الشحن,STORE
SO-500170,C-100366,12/27/2020,SAR,18405.52,تم التسليم,STORE
SO-500171,C-100201,01/18/2020,SAR,"9,174.18",delivered,ONLINE
SO-500172,C-100394,07/19/2019,Riyal,"10,769.98",delivered,In-store
SO-500173,C-100162,01/23/2018,SAR,"10,450.53",تم التسليم,STORE
SO-500174,C-100178,12/20/2025,AED,5862.54,Delivered to client,Telephone
SO-500175,C-100085,08/16/2022,SAR,13016.03,Returned - damaged,PHONE
SO-500176,C-100042,01/10/2025,SAR,17478.58,تم الشحن,STORE
SO-500177,C-100088,08/04/2019,OMR,2775.06,returned,STORE
SO-500178,C-100032,03/12/2019,SAR,1.1K,تم التسليم,In-store
SO-500179,C-100138,03/13/2023,Euro,4452.77,تم التسليم,Telephone
SO-500180,C-100008,12/11/2020,SAR,7658.34,Delivered to client,PARTNER
SO-500181,C-100049,08/30/2020,BHD,7363.95,Delivered to client,Branch
SO-500182,C-100081,08/23/2019,SR,"10,266.79",delivered,In-store
SO-500183,C-100360,09/29/2019,SR,11064.39,Canceled,online
SO-500184,C-100252,08/20/2019,SAR,٣٦٠٠ ريال,pending,Telephone
SO-500185,C-100114,01/12/2026,SAR,12116.24,delivered,STORE
SO-500186,C-100201,01/18/2020,OMR,5637.98,returned,Branch
SO-500187,C-100351,03/25/2024,BHD,10196.67,تم التسليم,STORE
SO-500188,C-100352,07/11/2026,EUR,"12,394.15",Returned - damaged,In-store
SO-500189,C-100034,03/26/2023,SR,11962.17,تم التسليم,Web
SO-500190,C-100364,06/04/2019,SAR,4198.73,تم التسليم,online
SO-500191,C-100062,08/05/2025,€,6008.51,تم التسليم,ONLINE
SO-500192,C-100053,03/21/2019,SR,6216.44,Delivered to client,Telephone
SO-500193,C-100126,09/13/2022,SAR,"5,527.69",Delivered to client,In-store
SO-500194,C-100266,03/05/2018,SAR,"17,688.98",returned,Branch
SO-500195,C-100062,05/05/2024,SAR,"1,523.43",delivered,Web
SO-500196,C-100002,02/01/2024,SAR,12881.00,ملغي,Partner
SO-500197,C-100214,07/24/2020,ريال,2539.34,تم التسليم,STORE
SO-500198,C-100220,07/25/2020,SAR,"18,998.94",Delivered to client,In-store
SO-500199,C-100363,10/10/2020,EUR,17500.52,Delivered to client,STORE
SO-500200,C-100202,01/21/2019,SAR,10120.75,delivered,STORE
SO-500201,C-100357,01/05/2018,SAR,"12,616.92",تم التسليم,Web
SO-500202,C-100319,01/16/2020,SAR,15048.99,Delivered to client,In-store
SO-500203,C-100192,05/18/2021,SAR,12264.97,pending,POS
SO-500204,C-100284,04/26/2019,ريال,14896.11,cancelled,ONLINE
SO-500205,C-100024,01/14/2018,SAR,15579.53,تم التسليم,E-commerce
SO-500206,C-100377,07/03/2021,SAR,7809.55,تم الشحن,PHONE
SO-500207,C-100113,03/28/2026,SAR,2.2K,Delivered to client,STORE
SO-500208,C-100176,05/17/2020,SAR,"3,213.51",Delivered to client,PARTNER
SO-500209,C-100175,03/10/2022,KD,18934.08,Delivered to client,ONLINE
SO-500210,C-100160,10/13/2025,Dhs,"5,514.76",returned,STORE
SO-500211,C-100392,11/13/2021,SAR,13187.31,تم التسليم,PARTNER
SO-500212,C-100002,09/07/2025,EUR,17265.97,تم التسليم,STORE
SO-500213,C-100217,10/04/2021,SAR,"15,237.51",Delivered to client,online
SO-500214,C-100226,02/13/2024,SAR,"3,860.22",تم التسليم,In-store
SO-500215,C-100028,02/08/2021,SAR,16687.41,cancelled,E-commerce
SO-500216,C-100310,04/20/2020,SAR,7211.97,تم التسليم,ONLINE
SO-500217,C-100058,11/23/2018,USD,9555.74,delivered,Web
SO-500218,C-100022,05/13/2026,SAR,10350.06,delivered,STORE
SO-500219,C-100061,12/22/2020,SAR,11334.33,Delivered to client,ONLINE
SO-500220,C-100056,04/27/2025,AED,10003.52,تم التسليم,Reseller
SO-500221,C-100359,01/01/2023,SAR,10.7K,delivered,PARTNER
SO-500222,C-100310,01/23/2022,Riyal,3398.55,Canceled,Branch
SO-500223,C-100278,05/14/2020,SAR,7296.07,returned,ONLINE
SO-500224,C-100358,12/27/2025,SAR,6883.21,تم الشحن,Web
SO-500225,C-100060,10/01/2018,Riyal,5681.94,Canceled,PHONE
SO-500226,C-100268,09/21/2025,SAR,"14,892.21",pending,PHONE
SO-500227,C-100191,03/03/2018,KD,15747.30,تم التسليم,PARTNER
SO-500228,C-100181,05/12/2022,SAR,6037.56,Canceled,Call center
SO-500229,C-100062,08/29/2021,AED,292.40,مرتجع,POS
SO-500230,C-100011,10/19/2021,SAR,5744.08,Delivered to client,E-commerce
SO-500231,C-100016,10/18/2025,SAR,"16,655.76",تم التسليم,PARTNER
SO-500232,C-100225,09/05/2023,SAR,2149.85,delivered,STORE
SO-500233,C-100079,02/14/2018,SAR,11929.63,Delivered to client,online
SO-500234,C-100215,06/04/2022,SAR,50.78,تم التسليم,E-commerce
SO-500235,C-100289,06/01/2025,BHD,5181.07,Delivered to client,In-store
SO-500236,C-100317,11/12/2023,OMR,3239.00,تم التسليم,ONLINE
SO-500237,C-100031,12/03/2018,ريال,"6,081.94",تم الشحن,ONLINE
SO-500238,C-100158,01/19/2020,USD,16572.78,Awaiting shipment,Web
SO-500239,C-100017,06/06/2023,SAR,6320.07,shipped,STORE
SO-500240,C-100097,02/23/2024,SAR,١٨٤٠٠ ريال,Canceled,online
SO-500241,C-100128,09/08/2020,Riyal,16382.44,Delivered to client,Branch
SO-500242,C-100012,10/23/2019,KD,15472.20,مرتجع,PARTNER
SO-500243,C-100396,03/19/2026,SAR,3921.71,delivered,STORE
SO-500244,C-100217,12/10/2020,SAR,891.51,pending,In-store
SO-500245,C-100132,02/28/2020,EUR,3390.93,delivered,ONLINE
SO-500246,C-100372,12/31/2019,EUR,914.50,تم التسليم,STORE
SO-500247,C-100176,03/28/2018,SAR,2296.75,تم الشحن,ONLINE
SO-500248,C-100166,02/21/2020,SAR,"8,095.76",Delivered to client,ONLINE
SO-500249,C-100241,05/23/2025,SAR,11535.50,تم التسليم,PARTNER
SO-500250,C-100381,09/21/2019,OMR,16433.00,Returned - damaged,ONLINE
SO-500251,C-100228,12/27/2020,USD,5257.42,delivered,ONLINE
SO-500252,C-100097,09/07/2021,SAR,"15,859.16",Dispatched,STORE
SO-500253,C-100150,09/20/2018,USD,3646.43,shipped,STORE
SO-500254,C-100054,01/08/2018,EUR,12957.30,تم التسليم,ONLINE
SO-500255,C-100247,07/26/2023,SAR,6.2K,تم التسليم,online
SO-500256,C-100316,12/31/2023,USD,7357.67,Delivered to client,PARTNER
SO-500257,C-100034,07/04/2025,SAR,14446.22,Returned - damaged,Branch
SO-500258,C-100102,03/30/2024,SAR,2486.56,تم التسليم,PHONE
SO-500259,C-100033,07/25/2019,ريال,"18,867.05",Delivered to client,POS
SO-500260,C-100345,08/12/2023,USD,7024.57,delivered,online
SO-500261,C-100134,12/02/2020,USD,2347.78,delivered,STORE
SO-500262,C-100125,08/17/2023,SAR,18565.89,Delivered to client,ONLINE
SO-500263,C-100153,06/06/2022,OMR,6396.71,delivered,Telephone
SO-500264,C-100045,01/22/2020,SR,"19,248.70",Delivered to client,Telephone
SO-500265,C-100323,09/28/2025,ريال,"12,328.82",Delivered to client,online
SO-500266,C-100285,03/12/2020,SAR,11.5K,delivered,Partner
SO-500267,C-100041,07/14/2018,BHD,3096.12,shipped,Telephone
SO-500268,C-100346,05/17/2025,SAR,١٨١٠٠ ريال,shipped,POS
SO-500269,C-100041,08/11/2024,SAR,"8,345.38",Delivered to client,E-commerce
SO-500270,C-100174,03/22/2021,SAR,9376.43,تم التسليم,STORE
SO-500271,C-100125,11/25/2022,AED,"2,037.81",مرتجع,In-store
SO-500272,C-100097,01/22/2025,SAR,14922.58,Delivered to client,Web
SO-500273,C-100179,06/15/2018,SAR,10841.55,delivered,Partner
SO-500274,C-100244,07/03/2024,OMR,"4,821.30",تم التسليم,ONLINE
SO-500275,C-100101,01/09/2020,EUR,"3,963.27",shipped,STORE
SO-500276,C-100169,04/14/2018,SAR,6001.68,Returned - damaged,Partner
SO-500277,C-100340,01/13/2022,QAR,5136.62,تم التسليم,STORE
SO-500278,C-100357,06/26/2020,SAR,12213.57,Canceled,E-commerce
SO-500279,C-100221,06/28/2026,ريال,2132.18,delivered,Partner
SO-500280,C-100015,10/10/2020,SAR,"1,073.00",تم التسليم,ONLINE
SO-500281,C-100343,02/17/2018,SAR,9361.45,تم التسليم,Web
SO-500282,C-100381,10/18/2018,USD,11874.47,Awaiting shipment,ONLINE
SO-500283,C-100047,04/05/2023,SAR,"5,268.57",delivered,STORE
SO-500284,C-100138,06/23/2021,ريال,800.82,Delivered to client,PHONE
SO-500285,C-100020,12/09/2023,AED,17245.43,تم التسليم,STORE
SO-500286,C-100211,08/14/2020,BHD,18189.65,delivered,E-commerce
SO-500287,C-100138,04/14/2018,SAR,"3,209.29",Delivered to client,ONLINE
SO-500288,C-100153,02/14/2021,QAR,12149.03,Delivered to client,STORE
SO-500289,C-100057,07/18/2018,SAR,"14,022.07",delivered,POS
SO-500290,C-100013,12/28/2020,ريال,4101.31,Delivered to client,ONLINE
SO-500291,C-100154,08/02/2024,USD,10968.93,تم التسليم,STORE
SO-500292,C-100224,07/31/2020,SAR,"3,695.89",Delivered to client,POS
SO-500293,C-100076,05/11/2020,SAR,14373.77,تم التسليم,ONLINE
SO-500294,C-100133,02/21/2019,QAR,2972.36,تم التسليم,ONLINE
SO-500295,C-100217,10/13/2018,SAR,13982.16,returned,ONLINE
SO-500296,C-100079,09/03/2021,SAR,5871.21,Delivered to client,E-commerce
SO-500297,C-100271,06/30/2021,ريال,6091.19,Delivered to client,In-store
SO-500298,C-100262,06/20/2020,QR,"19,019.43",تم التسليم,ONLINE
SO-500299,C-100038,05/08/2018,USD,279.11,تم التسليم,STORE
SO-500300,C-100177,01/10/2026,ريال,4973.56,مرتجع,Web
SO-500301,C-100099,05/14/2021,QAR,566.81,Dispatched,STORE
SO-500302,C-100156,02/03/2026,SAR,18152.44,delivered,E-commerce
SO-500303,C-100073,07/16/2024,AED,"2,840.19",تم التسليم,ONLINE
SO-500304,C-100062,03/24/2022,QAR,19078.40,delivered,Web
SO-500305,C-100129,07/14/2023,OMR,"19,276.40",Delivered to client,ONLINE
SO-500306,C-100359,07/18/2021,SAR,"2,240.79",تم التسليم,ONLINE
SO-500307,C-100175,03/07/2026,SAR,5297.16,تم التسليم,Branch
SO-500308,C-100325,09/08/2024,QAR,"5,387.64",delivered,ONLINE
SO-500309,C-100237,07/14/2025,BHD,13853.25,Delivered to client,Partner
SO-500310,C-100254,06/06/2025,USD,9839.94,Canceled,POS
SO-500311,C-100083,12/25/2022,SAR,17659.05,Dispatched,E-commerce
SO-500312,C-100386,09/10/2020,Riyal,8802.34,delivered,ONLINE
SO-500313,C-100372,04/19/2025,QAR,10885.81,pending,ONLINE
SO-500314,C-100185,01/12/2019,SAR,"11,092.08",تم التسليم,PARTNER
SO-500315,C-100003,08/15/2025,SAR,3992.59,تم الشحن,In-store
SO-500316,C-100193,03/25/2018,BHD,14676.74,delivered,ONLINE
SO-500317,C-100145,03/30/2021,EUR,"10,198.00",delivered,POS
SO-500318,C-100144,07/18/2018,Riyal,14878.78,تم التسليم,ONLINE
SO-500319,C-100170,06/19/2019,SAR,16124.86,Delivered to client,In-store
SO-500320,C-100075,05/15/2022,SAR,1504.68,delivered,ONLINE
SO-500321,C-100296,07/13/2024,USD,9989.66,Dispatched,Web
SO-500322,C-100051,10/29/2025,Euro,"10,345.28",delivered,Branch
SO-500323,C-100007,05/07/2020,SAR,"4,861.47",returned,STORE
SO-500324,C-100129,06/12/2021,SAR,"5,896.77",delivered,E-commerce
SO-500325,C-100242,08/10/2019,Riyal,"13,441.87",تم التسليم,POS
SO-500326,C-100185,01/25/2026,SAR,18581.63,تم التسليم,In-store
SO-500327,C-100348,04/18/2018,SAR,"SAR 2,408.03",delivered,Partner
SO-500328,C-100007,03/29/2023,SAR,6561.34,Awaiting shipment,STORE
SO-500329,C-100327,01/19/2024,SAR,"SAR 9,377.75",Delivered to client,STORE
SO-500330,C-100102,02/01/2020,USD,15162.13,delivered,Branch
SO-500331,C-100303,07/13/2023,USD,16313.10,تم التسليم,Partner
SO-500332,C-100087,02/23/2021,Riyal,19998.22,تم التسليم,STORE
SO-500333,C-100026,05/14/2021,SAR,6599.78,delivered,E-commerce
SO-500334,C-100219,06/21/2024,SAR,410.11,pending,E-commerce
SO-500335,C-100082,08/18/2019,SAR,"2,928.17",cancelled,In-store
SO-500336,C-100117,06/09/2024,SAR,18632.00,Delivered to client,E-commerce
SO-500337,C-100027,11/27/2018,EUR,11028.79,تم التسليم,Partner
SO-500338,C-100376,12/09/2020,USD,6327.87,Delivered to client,Partner
SO-500339,C-100157,04/16/2019,SAR,10431.20,تم التسليم,Web
SO-500340,C-100276,08/23/2025,QAR,"4,686.10",Dispatched,In-store
SO-500341,C-100027,07/09/2020,US$,"6,146.73",تم التسليم,Branch
SO-500342,C-100370,12/17/2022,KWD,"14,096.06",delivered,PARTNER
SO-500343,C-100228,11/08/2022,AED,3082.48,shipped,ONLINE
SO-500344,C-100168,01/15/2021,SAR,15767.67,تم التسليم,STORE
SO-500345,C-100271,12/28/2024,SAR,"19,256.31",مرتجع,online
SO-500346,C-100245,12/06/2022,SR,"SAR 18,123.76",Dispatched,ONLINE
SO-500347,C-100398,11/25/2022,US$,"3,730.87",تم التسليم,ONLINE
SO-500348,C-100019,02/22/2025,SAR,"9,571.68",delivered,In-store
SO-500349,C-100397,01/28/2020,EUR,١٧٩٠٠ EUR,cancelled,ONLINE
SO-500350,C-100185,12/03/2025,OMR,959.93,Delivered to client,ONLINE
