order_id,customer_id,order_date,currency,amount,status,channel
SO-500001,C-100047,2018-06-23,BHD,12602.39,CANCELLED,ONLINE
SO-500002,C-100305,2020-12-07,AED,15177.93,PENDING,ONLINE
SO-500003,C-100330,2019-01-28,USD,2773.03,SHIPPED,STORE
SO-500004,C-100180,2024-06-01,SAR,8030.49,DELIVERED,STORE
SO-500005,C-100054,2021-05-06,OMR,9538.63,DELIVERED,ONLINE
SO-500006,C-100092,2019-05-01,SAR,17601.75,RETURNED,PHONE
SO-500007,C-100072,2023-05-23,SAR,7794.27,PENDING,STORE
SO-500008,C-100248,2021-03-01,AED,16279.64,DELIVERED,ONLINE
SO-500009,C-100118,2019-12-15,USD,937.52,DELIVERED,ONLINE
SO-500010,C-100347,2019-01-19,SAR,4526.10,DELIVERED,STORE
SO-500011,C-100251,2026-09-18,USD,1550.75,PENDING,ONLINE
SO-500012,C-100215,2025-05-07,USD,13445.78,PENDING,STORE
SO-500013,C-100017,2021-09-26,EUR,19289.32,DELIVERED,ONLINE
SO-500014,C-100023,2025-10-06,SAR,1209.65,DELIVERED,PHONE
SO-500015,C-100196,2021-03-10,QAR,9267.25,DELIVERED,ONLINE
SO-500016,C-100344,2023-06-09,USD,13451.62,DELIVERED,STORE
SO-500017,C-100238,2018-10-13,SAR,4562.15,SHIPPED,ONLINE
SO-500018,C-100016,2024-04-01,KWD,2383.81,SHIPPED,PARTNER
SO-500019,C-100131,2021-03-29,SAR,1600.00,DELIVERED,ONLINE
SO-500020,C-100094,2025-10-21,SAR,19590.58,CANCELLED,STORE
SO-500021,C-100221,2025-11-13,USD,8594.02,DELIVERED,STORE
SO-500022,C-100039,2026-03-08,OMR,8857.60,CANCELLED,PARTNER
SO-500023,C-100166,2022-05-27,EUR,1646.85,CANCELLED,ONLINE
SO-500024,C-100393,2020-05-29,SAR,6375.91,SHIPPED,STORE
SO-500025,C-100353,2023-12-07,AED,13522.59,DELIVERED,ONLINE
SO-500026,C-100327,2019-04-09,USD,13198.51,DELIVERED,STORE
SO-500027,C-100148,2022-04-09,SAR,2424.49,SHIPPED,ONLINE
SO-500028,C-100020,2024-06-21,SAR,8700.00,DELIVERED,PARTNER
SO-500029,C-100393,2021-03-09,EUR,14880.50,DELIVERED,ONLINE
SO-500030,C-100287,2025-09-26,USD,3461.74,SHIPPED,ONLINE
SO-500031,C-100278,2018-07-27,BHD,5557.35,SHIPPED,PARTNER
SO-500032,C-100232,2024-02-08,SAR,2928.37,DELIVERED,ONLINE
SO-500033,C-100103,2024-11-15,SAR,18048.65,DELIVERED,ONLINE
SO-500034,C-100090,2021-11-12,OMR,10545.09,DELIVERED,ONLINE
SO-500035,C-100330,2023-08-27,SAR,10465.23,DELIVERED,STORE
SO-500036,C-100370,2018-07-16,SAR,19715.33,PENDING,ONLINE
SO-500037,C-100265,2022-05-11,SAR,16744.11,DELIVERED,STORE
SO-500038,C-100137,2020-12-28,SAR,10018.61,SHIPPED,ONLINE
SO-500039,C-100141,2021-10-31,OMR,12694.96,CANCELLED,ONLINE
SO-500040,C-100070,2019-06-20,SAR,9097.65,DELIVERED,STORE
SO-500041,C-100183,2018-07-27,SAR,3932.35,DELIVERED,ONLINE
SO-500042,C-100254,2024-07-21,SAR,4365.50,SHIPPED,STORE
SO-500043,C-100024,2023-05-22,SAR,12000.00,SHIPPED,ONLINE
SO-500044,C-100001,2020-02-29,SAR,18827.24,DELIVERED,ONLINE
SO-500045,C-100105,2020-11-21,SAR,12557.55,DELIVERED,ONLINE
SO-500046,C-100174,2024-10-24,SAR,16909.14,SHIPPED,ONLINE
SO-500047,C-100231,2020-05-13,OMR,17945.12,DELIVERED,ONLINE
SO-500048,C-100168,2019-11-19,KWD,611.68,SHIPPED,ONLINE
SO-500049,C-100374,2026-03-19,SAR,19948.50,DELIVERED,PHONE
SO-500050,C-100212,2020-01-18,SAR,15408.85,DELIVERED,ONLINE
SO-500051,C-100258,2018-12-07,AED,2471.97,PENDING,ONLINE
SO-500052,C-100311,2025-12-12,SAR,3212.71,DELIVERED,ONLINE
SO-500053,C-100163,2026-08-26,AED,3151.41,SHIPPED,ONLINE
SO-500054,C-100374,2022-08-20,SAR,12071.19,SHIPPED,ONLINE
SO-500055,C-100210,2026-05-30,EUR,12237.64,CANCELLED,PHONE
SO-500056,C-100371,2020-01-15,SAR,393.58,SHIPPED,ONLINE
SO-500057,C-100062,2025-03-02,USD,11407.06,DELIVERED,STORE
SO-500058,C-100379,2023-09-15,SAR,7166.76,PENDING,ONLINE
SO-500059,C-100162,2023-11-12,SAR,6995.97,DELIVERED,STORE
SO-500060,C-100115,2021-07-24,USD,5032.19,PENDING,ONLINE
SO-500061,C-100131,2018-09-05,KWD,16426.71,SHIPPED,PARTNER
SO-500062,C-100044,2022-10-23,SAR,2286.00,DELIVERED,STORE
SO-500063,C-100324,2026-05-11,SAR,17482.48,DELIVERED,PHONE
SO-500064,C-100250,2020-09-13,BHD,17300.00,DELIVERED,ONLINE
SO-500065,C-100141,2026-03-18,SAR,5531.28,CANCELLED,ONLINE
SO-500066,C-100043,2021-11-30,AED,8362.29,DELIVERED,ONLINE
SO-500067,C-100400,2022-01-31,AED,1161.64,SHIPPED,STORE
SO-500068,C-100007,2023-01-25,SAR,7500.00,DELIVERED,ONLINE
SO-500069,C-100317,2020-05-07,SAR,17220.33,DELIVERED,ONLINE
SO-500070,C-100290,2020-01-26,SAR,10257.81,SHIPPED,PHONE
SO-500071,C-100258,2024-12-25,SAR,12393.54,RETURNED,ONLINE
SO-500072,C-100138,2019-08-01,SAR,17283.39,CANCELLED,STORE
SO-500073,C-100034,2020-12-31,SAR,18847.84,DELIVERED,PARTNER
SO-500074,C-100347,2024-01-14,KWD,8226.85,CANCELLED,PARTNER
SO-500075,C-100068,2022-04-06,USD,11496.10,DELIVERED,ONLINE
SO-500076,C-100074,2022-04-25,SAR,2500.00,DELIVERED,ONLINE
SO-500077,C-100261,2022-10-08,SAR,1868.52,SHIPPED,ONLINE
SO-500078,C-100336,2021-12-16,USD,1832.47,DELIVERED,PHONE
SO-500079,C-100293,2023-08-01,SAR,15859.08,DELIVERED,STORE
SO-500080,C-100312,2026-06-19,SAR,1122.23,DELIVERED,STORE
SO-500081,C-100387,2020-05-28,SAR,2634.98,DELIVERED,ONLINE
SO-500082,C-100194,2020-04-04,USD,5167.51,SHIPPED,PARTNER
SO-500083,C-100188,2022-01-10,SAR,11427.72,DELIVERED,STORE
SO-500084,C-100069,2024-06-22,BHD,17921.16,SHIPPED,STORE
SO-500085,C-100302,2026-01-03,SAR,6792.64,DELIVERED,ONLINE
SO-500086,C-100150,2022-12-01,KWD,11966.09,DELIVERED,STORE
SO-500087,C-100305,2024-07-22,SAR,600.00,SHIPPED,ONLINE
SO-500088,C-100288,2026-04-16,SAR,4089.45,RETURNED,PHONE
SO-500089,C-100048,2021-10-03,SAR,640.19,RETURNED,ONLINE
SO-500090,C-100227,2020-06-24,SAR,6355.94,SHIPPED,ONLINE
SO-500091,C-100367,2022-10-23,USD,5552.03,SHIPPED,ONLINE
SO-500092,C-100109,2019-09-29,USD,5289.94,DELIVERED,PHONE
SO-500093,C-100171,2026-06-10,USD,10208.05,SHIPPED,PHONE
SO-500094,C-100080,2025-04-15,SAR,18744.15,DELIVERED,STORE
SO-500095,C-100058,2024-01-29,QAR,11600.00,DELIVERED,STORE
SO-500096,C-100086,2023-05-22,USD,11728.35,SHIPPED,ONLINE
SO-500097,C-100312,2018-11-29,USD,4300.00,DELIVERED,PHONE
SO-500098,C-100359,2020-02-05,USD,18001.22,SHIPPED,ONLINE
SO-500099,C-100347,2026-09-05,SAR,18371.00,CANCELLED,ONLINE
SO-500100,C-100050,2026-02-14,SAR,4365.99,DELIVERED,PHONE
SO-500101,C-100180,2018-12-28,OMR,16110.84,DELIVERED,PARTNER
SO-500102,C-100243,2025-03-12,KWD,6091.34,PENDING,STORE
SO-500103,C-100215,2019-11-05,KWD,13917.98,CANCELLED,STORE
SO-500104,C-100001,2018-05-02,EUR,18900.00,DELIVERED,PARTNER
SO-500105,C-100239,2018-03-21,SAR,4100.00,SHIPPED,STORE
SO-500106,C-100083,2026-03-17,EUR,17123.11,DELIVERED,ONLINE
SO-500107,C-100051,2018-04-08,SAR,2597.55,CANCELLED,STORE
SO-500108,C-100019,2023-06-09,SAR,12600.00,DELIVERED,STORE
SO-500109,C-100016,2024-09-01,SAR,3847.76,DELIVERED,STORE
SO-500110,C-100113,2022-08-10,USD,8117.30,RETURNED,ONLINE
SO-500111,C-100035,2020-03-20,SAR,10124.70,DELIVERED,STORE
SO-500112,C-100111,2025-04-20,SAR,18128.15,DELIVERED,ONLINE
SO-500113,C-100026,2021-09-23,SAR,14428.85,SHIPPED,PHONE
SO-500114,C-100259,2025-06-27,SAR,19566.19,PENDING,PARTNER
SO-500115,C-100261,2022-07-30,SAR,7951.69,RETURNED,ONLINE
SO-500116,C-100372,2022-05-20,KWD,8865.51,SHIPPED,PARTNER
SO-500117,C-100175,2019-07-31,SAR,15100.00,DELIVERED,PARTNER
SO-500118,C-100318,2025-06-14,SAR,18145.97,PENDING,ONLINE
SO-500119,C-100389,2025-03-04,SAR,15200.00,SHIPPED,ONLINE
SO-500120,C-100029,2019-03-02,SAR,9682.32,DELIVERED,STORE
SO-500121,C-100080,2022-06-17,BHD,8727.57,PENDING,ONLINE
SO-500122,C-100400,2021-07-23,SAR,15004.17,DELIVERED,PHONE
SO-500123,C-100170,2020-04-19,USD,15134.07,PENDING,STORE
SO-500124,C-100282,2021-12-31,SAR,3133.48,PENDING,ONLINE
SO-500125,C-100394,2022-01-26,USD,5723.02,DELIVERED,ONLINE
SO-500126,C-100387,2025-06-20,SAR,11481.53,DELIVERED,ONLINE
SO-500127,C-100144,2023-11-06,KWD,3369.75,DELIVERED,PARTNER
SO-500128,C-100009,2024-09-09,SAR,8001.76,DELIVERED,PHONE
SO-500129,C-100337,2019-07-14,SAR,19235.32,DELIVERED,PARTNER
SO-500130,C-100372,2023-10-25,SAR,13016.91,DELIVERED,ONLINE
SO-500131,C-100140,2021-07-20,SAR,4897.26,SHIPPED,STORE
SO-500132,C-100381,2018-12-29,AED,14254.05,PENDING,ONLINE
SO-500133,C-100365,2019-04-03,SAR,2751.40,DELIVERED,ONLINE
SO-500134,C-100377,2019-07-20,SAR,13744.74,DELIVERED,STORE
SO-500135,C-100375,2023-10-11,OMR,19738.03,RETURNED,ONLINE
SO-500136,C-100171,2024-03-25,SAR,17241.23,RETURNED,STORE
SO-500137,C-100373,2024-07-02,USD,8844.29,DELIVERED,ONLINE
SO-500138,C-100390,2024-01-21,SAR,12584.19,PENDING,STORE
SO-500139,C-100151,2022-02-18,SAR,3500.00,DELIVERED,ONLINE
SO-500140,C-100398,2023-03-15,AED,19358.97,SHIPPED,STORE
SO-500141,C-100325,2022-06-06,SAR,4488.47,PENDING,STORE
SO-500142,C-100383,2024-12-25,EUR,3721.70,DELIVERED,PHONE
SO-500143,C-100351,2026-01-13,QAR,10760.81,DELIVERED,ONLINE
SO-500144,C-100174,2019-03-20,SAR,4342.70,DELIVERED,ONLINE
SO-500145,C-100396,2020-05-11,OMR,14900.16,DELIVERED,STORE
SO-500146,C-100016,2022-05-15,SAR,8747.93,DELIVERED,ONLINE
SO-500147,C-100387,2022-06-30,SAR,1525.47,DELIVERED,PARTNER
SO-500148,C-100318,2024-02-26,SAR,15720.54,DELIVERED,ONLINE
SO-500149,C-100146,2020-08-26,SAR,2063.27,CANCELLED,ONLINE
SO-500150,C-100092,2022-10-11,BHD,16153.77,DELIVERED,PARTNER
SO-500151,C-100080,2025-02-02,USD,17307.76,RETURNED,ONLINE
SO-500152,C-100283,2020-10-05,AED,8446.56,DELIVERED,PHONE
SO-500153,C-100308,2021-03-03,USD,19159.79,SHIPPED,ONLINE
SO-500154,C-100024,2022-12-28,USD,19020.00,DELIVERED,PHONE
SO-500155,C-100204,2026-09-03,USD,4526.96,SHIPPED,ONLINE
SO-500156,C-100070,2025-12-03,SAR,17814.73,DELIVERED,ONLINE
SO-500157,C-100280,2024-01-07,SAR,11629.42,CANCELLED,PHONE
SO-500158,C-100393,2021-09-18,QAR,17074.13,PENDING,STORE
SO-500159,C-100053,2022-03-22,KWD,11812.31,SHIPPED,ONLINE
SO-500160,C-100259,2025-01-02,SAR,12827.54,DELIVERED,ONLINE
SO-500161,C-100183,2018-06-08,SAR,13530.88,RETURNED,PARTNER
SO-500162,C-100128,2024-07-31,SAR,11222.85,CANCELLED,ONLINE
SO-500163,C-100205,2024-06-17,SAR,2970.47,DELIVERED,STORE
SO-500164,C-100160,2024-10-14,USD,1359.20,PENDING,ONLINE
SO-500165,C-100164,2024-09-14,SAR,4793.64,DELIVERED,PARTNER
SO-500166,C-100016,2023-03-09,OMR,6400.00,PENDING,STORE
SO-500167,C-100354,2024-12-07,SAR,12390.47,DELIVERED,ONLINE
SO-500168,C-100140,2025-01-02,SAR,3037.97,SHIPPED,PARTNER
SO-500169,C-100178,2019-07-21,SAR,4154.84,DELIVERED,ONLINE
SO-500170,C-100003,2026-04-04,SAR,18679.23,DELIVERED,STORE
SO-500171,C-100354,2021-08-25,BHD,13844.51,DELIVERED,ONLINE
SO-500172,C-100055,2023-04-05,SAR,3387.85,SHIPPED,PARTNER
SO-500173,C-100013,2021-02-06,SAR,4490.11,DELIVERED,STORE
SO-500174,C-100248,2018-10-08,KWD,10047.65,DELIVERED,ONLINE
SO-500175,C-100124,2021-07-28,SAR,8520.87,DELIVERED,STORE
SO-500176,C-100199,2019-08-21,SAR,15397.77,DELIVERED,ONLINE
SO-500177,C-100335,2024-02-01,AED,13627.82,DELIVERED,STORE
SO-500178,C-100006,2020-02-13,SAR,7963.83,DELIVERED,PARTNER
SO-500179,C-100185,2023-07-25,SAR,18038.38,DELIVERED,ONLINE
SO-500180,C-100215,2025-10-27,SAR,10662.47,DELIVERED,STORE
SO-500181,C-100008,2023-02-28,SAR,3316.40,SHIPPED,ONLINE
SO-500182,C-100309,2022-05-05,AED,10988.47,DELIVERED,PHONE
SO-500183,C-100011,2022-05-21,SAR,9091.49,PENDING,ONLINE
SO-500184,C-100295,2019-04-07,SAR,12300.00,DELIVERED,ONLINE
SO-500185,C-100090,2023-08-24,SAR,10791.56,DELIVERED,PARTNER
SO-500186,C-100382,2019-12-25,USD,9397.31,DELIVERED,STORE
SO-500187,C-100231,2025-05-22,USD,19011.81,DELIVERED,ONLINE
SO-500188,C-100267,2022-03-28,AED,11845.92,RETURNED,ONLINE
SO-500189,C-100028,2018-10-17,EUR,1379.32,PENDING,PARTNER
SO-500190,C-100165,2022-02-15,SAR,10737.56,DELIVERED,PHONE
SO-500191,C-100060,2026-02-06,SAR,17300.00,SHIPPED,STORE
SO-500192,C-100218,2022-07-30,AED,9363.37,DELIVERED,ONLINE
SO-500193,C-100146,2021-03-02,SAR,11621.51,SHIPPED,STORE
SO-500194,C-100289,2023-05-14,SAR,7643.53,DELIVERED,STORE
SO-500195,C-100314,2021-10-20,SAR,17445.03,CANCELLED,STORE
SO-500196,C-100053,2021-08-23,SAR,3191.23,DELIVERED,ONLINE
SO-500197,C-100213,2018-05-30,SAR,3742.98,DELIVERED,ONLINE
SO-500198,C-100386,2024-02-09,SAR,519.50,DELIVERED,ONLINE
SO-500199,C-100399,2020-08-31,SAR,12089.80,DELIVERED,STORE
SO-500200,C-100382,2018-12-21,SAR,11229.66,DELIVERED,ONLINE
SO-500201,C-100292,2023-08-15,SAR,6900.00,DELIVERED,STORE
SO-500202,C-100373,2019-09-23,SAR,16431.11,DELIVERED,STORE
SO-500203,C-100115,2026-07-21,SAR,10250.95,DELIVERED,STORE
SO-500204,C-100259,2026-07-21,SAR,12305.35,SHIPPED,PARTNER
SO-500205,C-100130,2026-01-19,AED,15379.65,DELIVERED,ONLINE
SO-500206,C-100342,2021-07-14,OMR,14671.08,DELIVERED,STORE
SO-500207,C-100175,2023-01-11,SAR,2400.00,DELIVERED,ONLINE
SO-500208,C-100169,2026-05-28,SAR,9524.61,DELIVERED,STORE
SO-500209,C-100130,2024-12-18,EUR,18750.83,DELIVERED,STORE
SO-500210,C-100092,2026-02-23,SAR,5960.70,RETURNED,ONLINE
SO-500211,C-100269,2026-06-13,USD,8554.30,DELIVERED,ONLINE
SO-500212,C-100265,2020-03-16,AED,6155.67,DELIVERED,STORE
SO-500213,C-100143,2019-01-28,USD,16826.32,SHIPPED,PHONE
SO-500214,C-100075,2026-07-06,SAR,7241.55,CANCELLED,ONLINE
SO-500215,C-100384,2025-03-11,SAR,4754.30,DELIVERED,STORE
SO-500216,C-100318,2018-06-28,SAR,401.91,PENDING,STORE
SO-500217,C-100134,2025-04-08,EUR,1738.31,DELIVERED,ONLINE
SO-500218,C-100216,2018-06-13,QAR,6980.67,DELIVERED,ONLINE
SO-500219,C-100040,2018-10-12,AED,571.24,PENDING,STORE
SO-500220,C-100107,2019-03-26,SAR,3488.95,DELIVERED,PHONE
SO-500221,C-100393,2022-12-30,SAR,16761.99,DELIVERED,ONLINE
SO-500222,C-100286,2025-09-29,SAR,11809.49,SHIPPED,STORE
SO-500223,C-100378,2024-03-01,KWD,11726.71,DELIVERED,STORE
SO-500224,C-100346,2021-12-25,SAR,14658.09,RETURNED,PHONE
SO-500225,C-100187,2025-09-20,EUR,15135.79,DELIVERED,STORE
SO-500226,C-100398,2020-08-27,SAR,19078.43,SHIPPED,ONLINE
SO-500227,C-100219,2024-09-01,OMR,12992.27,DELIVERED,STORE
SO-500228,C-100082,2021-02-06,AED,5248.95,DELIVERED,STORE
SO-500229,C-100035,2024-03-09,SAR,11117.19,PENDING,STORE
SO-500230,C-100098,2026-02-16,BHD,274.29,DELIVERED,PARTNER
SO-500231,C-100054,2025-12-26,OMR,9272.70,SHIPPED,ONLINE
SO-500232,C-100145,2022-04-12,AED,18104.24,SHIPPED,ONLINE
SO-500233,C-100227,2021-07-11,SAR,12000.00,DELIVERED,ONLINE
SO-500234,C-100093,2018-05-22,OMR,8436.07,DELIVERED,ONLINE
SO-500235,C-100307,2021-09-16,USD,13142.22,DELIVERED,STORE
SO-500236,C-100168,2018-12-15,AED,7069.64,DELIVERED,STORE
SO-500237,C-100398,2024-08-26,QAR,1300.00,DELIVERED,ONLINE
SO-500238,C-100110,2018-04-11,SAR,4589.52,DELIVERED,PHONE
SO-500239,C-100327,2019-08-05,SAR,4797.13,DELIVERED,STORE
SO-500240,C-100100,2026-07-31,SAR,2601.94,PENDING,ONLINE
SO-500241,C-100109,2021-06-10,SAR,1748.87,DELIVERED,PARTNER
SO-500242,C-100172,2023-04-29,SAR,12187.59,CANCELLED,STORE
SO-500243,C-100185,2018-08-07,SAR,9400.00,SHIPPED,STORE
SO-500244,C-100389,2025-10-14,EUR,2331.54,DELIVERED,ONLINE
SO-500245,C-100203,2018-05-10,SAR,3188.94,DELIVERED,ONLINE
SO-500246,C-100170,2023-06-09,SAR,7366.63,PENDING,ONLINE
SO-500247,C-100110,2018-11-14,AED,18483.28,RETURNED,PHONE
SO-500248,C-100028,2023-12-12,AED,6400.00,DELIVERED,ONLINE
SO-500249,C-100035,2020-02-17,BHD,19754.42,DELIVERED,PHONE
SO-500250,C-100296,2020-11-03,USD,6205.59,DELIVERED,STORE
SO-500251,C-100064,2020-04-19,SAR,3200.00,DELIVERED,ONLINE
SO-500252,C-100123,2026-05-05,USD,14006.70,CANCELLED,ONLINE
SO-500253,C-100166,2019-05-16,SAR,833.53,DELIVERED,STORE
SO-500254,C-100016,2018-05-12,SAR,7607.68,DELIVERED,STORE
SO-500255,C-100150,2021-09-25,BHD,7449.21,DELIVERED,STORE
SO-500256,C-100277,2026-02-03,AED,13635.03,DELIVERED,STORE
SO-500257,C-100263,2018-06-04,SAR,7700.00,DELIVERED,PARTNER
SO-500258,C-100216,2024-09-02,SAR,1400.00,DELIVERED,STORE
SO-500259,C-100311,2021-07-18,SAR,5900.00,DELIVERED,ONLINE
SO-500260,C-100138,2023-05-26,SAR,13998.95,SHIPPED,ONLINE
SO-500261,C-100064,2022-07-26,SAR,13210.88,CANCELLED,STORE
SO-500262,C-100054,2023-09-17,SAR,3389.44,DELIVERED,STORE
SO-500263,C-100016,2020-07-16,SAR,611.63,DELIVERED,STORE
SO-500264,C-100387,2024-01-16,SAR,6500.00,PENDING,STORE
SO-500265,C-100369,2022-10-14,SAR,4456.78,DELIVERED,ONLINE
SO-500266,C-100132,2022-06-28,QAR,12151.75,RETURNED,PHONE
SO-500267,C-100382,2025-12-20,SAR,15613.81,CANCELLED,ONLINE
SO-500268,C-100386,2024-12-12,SAR,4069.47,DELIVERED,STORE
SO-500269,C-100373,2018-02-13,BHD,12868.99,CANCELLED,STORE
SO-500270,C-100045,2018-04-12,USD,43.96,SHIPPED,ONLINE
SO-500271,C-100247,2024-10-19,AED,8911.63,DELIVERED,ONLINE
SO-500272,C-100032,2023-06-16,AED,115.67,SHIPPED,ONLINE
SO-500273,C-100365,2018-05-02,SAR,5356.80,DELIVERED,PHONE
SO-500274,C-100298,2025-11-23,SAR,12553.65,DELIVERED,ONLINE
SO-500275,C-100119,2021-12-03,AED,10521.36,DELIVERED,STORE
SO-500276,C-100308,2026-04-02,AED,9411.04,DELIVERED,ONLINE
SO-500277,C-100361,2025-07-03,QAR,13269.37,DELIVERED,STORE
SO-500278,C-100013,2025-04-26,SAR,15501.46,RETURNED,STORE
SO-500279,C-100163,2019-05-19,KWD,12047.53,DELIVERED,STORE
SO-500280,C-100034,2024-04-16,SAR,10262.13,DELIVERED,ONLINE
SO-500281,C-100315,2019-11-02,OMR,16660.37,DELIVERED,PHONE
SO-500282,C-100315,2026-01-02,SAR,17115.46,PENDING,STORE
SO-500283,C-100319,2018-04-04,SAR,8566.61,SHIPPED,ONLINE
SO-500284,C-100070,2024-08-21,SAR,1175.25,DELIVERED,ONLINE
SO-500285,C-100161,2018-04-10,KWD,18293.49,CANCELLED,ONLINE
SO-500286,C-100313,2024-09-14,SAR,1835.56,DELIVERED,ONLINE
SO-500287,C-100023,2022-10-02,AED,3679.30,DELIVERED,STORE
SO-500288,C-100309,2019-06-22,SAR,2695.00,RETURNED,ONLINE
SO-500289,C-100086,2018-04-25,SAR,10454.35,DELIVERED,STORE
SO-500290,C-100258,2020-11-09,SAR,10170.87,DELIVERED,PHONE
SO-500291,C-100315,2022-02-10,SAR,15166.23,DELIVERED,ONLINE
SO-500292,C-100203,2021-03-16,SAR,1948.18,DELIVERED,STORE
SO-500293,C-100090,2025-07-23,OMR,9721.79,SHIPPED,PHONE
SO-500294,C-100205,2026-03-21,SAR,6384.41,CANCELLED,STORE
SO-500295,C-100275,2018-02-28,SAR,11317.56,PENDING,STORE
SO-500296,C-100001,2022-06-20,AED,6921.88,DELIVERED,ONLINE
SO-500297,C-100261,2026-03-31,SAR,18763.87,DELIVERED,PHONE
SO-500298,C-100300,2023-10-31,OMR,17546.47,DELIVERED,PARTNER
SO-500299,C-100273,2025-02-08,SAR,2443.61,DELIVERED,STORE
SO-500300,C-100037,2025-01-20,SAR,10900.36,DELIVERED,ONLINE
SO-500301,C-100296,2021-09-26,QAR,6615.53,DELIVERED,ONLINE
SO-500302,C-100172,2024-04-03,AED,17373.93,DELIVERED,PARTNER
SO-500303,C-100002,2024-07-30,SAR,3715.32,CANCELLED,ONLINE
SO-500304,C-100231,2019-03-16,SAR,5762.57,SHIPPED,ONLINE
SO-500305,C-100110,2019-08-15,SAR,18200.00,DELIVERED,PHONE
SO-500306,C-100064,2023-01-07,SAR,2998.38,DELIVERED,PARTNER
SO-500307,C-100400,2026-09-01,OMR,4279.26,CANCELLED,STORE
SO-500308,C-100156,2023-07-14,USD,5336.21,DELIVERED,ONLINE
SO-500309,C-100250,2019-08-12,SAR,2623.60,DELIVERED,STORE
SO-500310,C-100037,2021-05-08,USD,16522.23,SHIPPED,ONLINE
SO-500311,C-100057,2026-07-22,AED,15501.70,RETURNED,ONLINE
SO-500312,C-100232,2022-12-11,SAR,13984.67,SHIPPED,STORE
SO-500313,C-100282,2018-05-16,SAR,3158.80,SHIPPED,STORE
SO-500314,C-100069,2024-11-07,SAR,2700.00,DELIVERED,ONLINE
SO-500315,C-100214,2020-04-09,OMR,663.34,CANCELLED,STORE
SO-500316,C-100258,2021-12-06,SAR,6290.52,RETURNED,STORE
SO-500317,C-100345,2024-08-03,USD,5715.45,DELIVERED,PHONE
SO-500318,C-100247,2024-12-26,EUR,8686.50,CANCELLED,STORE
SO-500319,C-100070,2023-08-28,SAR,14502.21,SHIPPED,STORE
SO-500320,C-100033,2023-11-25,BHD,11900.71,DELIVERED,ONLINE
SO-500321,C-100065,2018-03-05,SAR,9178.80,PENDING,STORE
SO-500322,C-100030,2020-07-15,SAR,5863.98,DELIVERED,ONLINE
SO-500323,C-100173,2026-03-04,SAR,4626.37,CANCELLED,PHONE
SO-500324,C-100340,2020-10-15,SAR,14759.24,DELIVERED,ONLINE
SO-500325,C-100211,2019-10-31,OMR,18326.94,DELIVERED,PHONE
SO-500326,C-100051,2020-06-07,SAR,7938.44,PENDING,ONLINE
SO-500327,C-100230,2023-11-12,EUR,10770.61,RETURNED,PHONE
SO-500328,C-100052,2021-07-26,SAR,18844.04,CANCELLED,PHONE
SO-500329,C-100091,2019-01-24,SAR,4908.43,DELIVERED,PHONE
SO-500330,C-100146,2026-08-26,USD,14745.72,DELIVERED,ONLINE
SO-500331,C-100051,2022-05-12,SAR,9620.43,DELIVERED,ONLINE
SO-500332,C-100218,2025-05-13,SAR,15930.42,PENDING,ONLINE
SO-500333,C-100381,2022-12-07,SAR,16410.97,RETURNED,PHONE
SO-500334,C-100241,2024-12-11,OMR,5457.93,DELIVERED,STORE
SO-500335,C-100271,2018-12-16,QAR,19939.50,DELIVERED,STORE
SO-500336,C-100081,2024-01-21,SAR,1600.00,SHIPPED,ONLINE
SO-500337,C-100031,2023-09-03,SAR,2760.39,DELIVERED,STORE
SO-500338,C-100148,2024-11-05,KWD,14543.01,DELIVERED,PHONE
SO-500339,C-100275,2019-04-27,SAR,1448.70,DELIVERED,STORE
SO-500340,C-100018,2021-06-15,EUR,4862.26,DELIVERED,STORE
SO-500341,C-100307,2023-07-19,AED,13016.06,CANCELLED,STORE
SO-500342,C-100131,2023-08-05,SAR,9545.92,SHIPPED,PHONE
SO-500343,C-100318,2021-04-16,OMR,12165.20,SHIPPED,ONLINE
SO-500344,C-100379,2022-05-19,USD,17335.59,DELIVERED,ONLINE
SO-500345,C-100062,2018-11-12,AED,14946.06,DELIVERED,STORE
SO-500346,C-100393,2023-08-16,SAR,16032.10,DELIVERED,ONLINE
SO-500347,C-100242,2019-12-22,SAR,16988.92,DELIVERED,ONLINE
SO-500348,C-100359,2022-10-02,SAR,4997.10,PENDING,STORE
SO-500349,C-100192,2021-05-22,OMR,15097.19,DELIVERED,ONLINE
SO-500350,C-100121,2022-05-14,SAR,7083.94,DELIVERED,STORE
