custId,ismAlAmil,emailAddress,jawwal,countryName,madina,customerCategory,registeredOn,creditLimitSar,isEnabled
C-100001,يوسف الجهني,yousef.aljuhani97@yahoo.com,+966597297083,K.S.A,Madinah,Private,12.07.2017,18000.00,Enabled
C-100002,Mohammed Haddad,mohammed.haddad10@yahoo.com,+966584719485,SA,At Taif,Retail customer,03.09.2005,,Enabled
C-100003,Mohammed Aldosari,mohammed.aldosari53@outlook.com,+97339514534,Kingdom of Bahrain,Al Manamah,Private,05.10.2016,16500.00,Enabled
C-100004,Omar Alzahrani,omar.alzahrani27@gmail.com,+966503779855,Kingdom of Saudi Arabia,Taif,Private,04.11.2008,,Disabled
C-100005,علي الحربي,ali.alharbi46@yahoo.com,+966553480692,Kingdom of Saudi Arabia,Taif,Retail customer,01.04.2015,1000.00,Enabled
C-100006,Haya Almutairi,haya.almutairi31@outlook.com,+923192896245,Islamic Republic of Pakistan,Karachi City,Private,06.02.2008,3500.00,Enabled
C-100007,الرمال للعقارات,sales@sandsrealestate.com.sa,+96568572600,KW,Al Kuwait,Corporate,11.10.2020,350000.00,Enabled
C-100008,فاطمة خان,n.a.,+966580459360,Saudia,n.a.,Retail customer,09.12.2024,,Enabled
C-100009,Lina Alomari,lina.alomari56@icloud.com,+201045909936,EG,n.a.,Private,04.01.2015,,Enabled
C-100010,Ahmed Alqahtani,,+966551733109,SA,Al-Khubar,Retail customer,04.03.2026,16500.00,Enabled
C-100011,Ali Farouk,ali.farouk90@hotmail.com,+96566471097,KW,Kuwait City,Private,05.09.2019,,Enabled
C-100012,فهد الشمري,fahad.alshammari3@yahoo.com,+14155999263,US,New York,Private,04.01.2025,47000.00,Enabled
C-100013,غادة الشهري,ghada.alshehri64@gmail.com,none,K.S.A,Abha,Retail customer,04.09.2026,,Enabled
C-100014,Noura Alsulami,noura.alsulami5@hotmail.com,+966524950020,المملكة العربية السعودية,n.a.,Private,07.03.2022,,Enabled
C-100015,Khalid Nasr,khalid.nasr87@icloud.com,+966501355511,المملكة العربية السعودية,Al Madinah Al Munawwarah,Private,03.09.2014,,Enabled
C-100016,Saud Aldosari,saud.aldosari38@outlook.com,+966590906095,Saudia,Al-Khubar,Retail customer,04.12.2022,,Enabled
C-100017,الواحة للمياه,sales@oasiswater.com.sa,+97459822748,State of Qatar,Doha,Corporate,08.09.2023,310000.00,Enabled
C-100018,هيا القحطاني,haya.alqahtani29@gmail.com,+971595637531,U.A.E.,Al Sharjah,Private,11.05.2022,,Disabled
C-100019,Mariam Smith,mariam.smith84@hotmail.com,+97330036203,Kingdom of Bahrain,Manama,Private,02.07.2019,,Enabled
C-100020,يوسف شارما,yousef.sharma64@yahoo.com,+966529642232,SA,Ar Riyadh,Private,11.05.2012,49500.00,Disabled
C-100021,Majed Nasr,n.a.,+966586847299,SA,Khobar,Private,11.09.2011,,Enabled
C-100022,Noura Khan,noura.khan42@hotmail.com,+96567813784,KW,Al Kuwait,Retail customer,12.02.2005,,Enabled
C-100023,لينا الحربي,lina.alharbi45@yahoo.com,+97455746069,QA,Doha,Private,12.04.2021,,Disabled
C-100024,Lina Almutairi,lina.almutairi6@gmail.com,+919267759358,IN,Mumbai,Retail customer,07.03.2006,46000.00,Enabled
C-100025,سلطان العتيبي,sultan.alotaibi32@hotmail.com,+966517049309,K.S.A,Tabouk,Retail customer,11.06.2013,,Disabled
C-100026,حسن الدوسري,hassan.aldosari72@hotmail.com,+96896855633,Sultanate of Oman,none,Retail customer,11.06.2005,50000.00,Enabled
C-100027,Aisha Alharbi,aisha.alharbi92@yahoo.com,+96564446808,KW,Al Kuwait,Retail customer,08.04.2005,40000.00,Enabled
C-100028,محمد القحطاني,mohammed.alqahtani34@gmail.com,none,K.S.A,Madinah,Private,06.08.2010,,Enabled
C-100029,Ali Alomari,TBD,+966501636555,SA,At Taif,Retail customer,10.12.2014,,Enabled
C-100030,Palm Valley Farms,sales@palmvalleyfarms.com.sa,+96560825322,KW,Al Kuwait,Enterprise account,10.12.2018,435000.00,Enabled
C-100031,Omar Smith,omar.smith68@yahoo.com,none,SA,Riyadh,Private,06.06.2009,,Enabled
C-100032,Mohammed Farouk,mohammed.farouk16@icloud.com,+966589068031,Kingdom of Saudi Arabia,Riyadh,Private,12.08.2014,6000.00,Enabled
C-100033,خالد خان,khalid.khan55@yahoo.com,+966587944867,SA,Ad Dammam,Private,12.03.2021,,Enabled
C-100034,Haya Farouk,haya.farouk89@gmail.com,+966561836436,SA,Ar Riyadh,Private,08.06.2019,38000.00,Disabled
C-100035,لينا الزهراني,none,+966556705194,SA,Madinah,Retail customer,09.04.2007,,Disabled
C-100036,Nasser Hamdan,nasser.hamdan91@gmail.com,+966551886312,المملكة العربية السعودية,Tabuk,Private,08.02.2024,20000.00,Enabled
C-100037,Abdullah Alsulami,abdullah.alsulami98@yahoo.com,+966519429451,SA,Khobar,Retail customer,05.01.2009,,Enabled
C-100038,Khalid Alotaibi,khalid.alotaibi73@gmail.com,+971573081299,U.A.E.,Abu Dhabi,Private,12.06.2015,30000.00,Enabled
C-100039,Lina Alqahtani,lina.alqahtani8@outlook.com,+97459233798,QA,Doha,Private,05.05.2016,,Enabled
C-100040,Fatimah Haddad,fatimah.haddad33@outlook.com,+96897737265,OM,Muscat,Private,10.01.2005,11500.00,Enabled
C-100041,Lina Alsulami,lina.alsulami13@outlook.com,+966514411786,K.S.A,Al Madinah Al Munawwarah,Private,06.07.2025,36500.00,Enabled
C-100042,Reem Nasr,reem.nasr2@gmail.com,+966535312914,Kingdom of Saudi Arabia,Jeddah,Retail customer,11.07.2019,,Enabled
C-100043,Turki Hamdan,turki.hamdan4@hotmail.com,+966530978972,SA,Abha,Private,10.04.2017,,Enabled
C-100044,Mariam Farouk,mariam.farouk72@gmail.com,+966574769916,SA,Dammam,Retail customer,06.03.2006,,Enabled
C-100045,Hejaz Medical Supplies,info@hejazmedicalsupplies.com.sa,,U.A.E.,Abu Zabi,Enterprise account,11.01.2022,450000.00,Disabled
C-100046,Abeer Almutairi,abeer.almutairi53@gmail.com,+97334318857,Kingdom of Bahrain,Manama,Retail customer,01.04.2022,29500.00,Enabled
C-100047,البحر الأحمر للخدمات اللوجستية,sales@redsealogistics.com.sa,?,Hashemite Kingdom of Jordan,Amman City,Corporate,01.02.2005,185000.00,Enabled
C-100048,نورة المطيري,noura.almutairi79@hotmail.com,+966591084435,SA,Riyadh,Private,11.09.2024,8500.00,Disabled
C-100049,الهلال لقطع الغيار,sales@crescentautoparts.com.sa,+966517396977,SA,Abha,Corporate,10.11.2021,55000.00,Disabled
C-100050,عبير خان,abeer.khan55@gmail.com,+966510497385,SA,Tabuk,Private,08.03.2018,,Disabled
C-100051,Crescent Auto Parts,info@crescentautoparts.com.sa,+966508447925,K.S.A,?,Enterprise account,04.01.2017,140000.00,Enabled
C-100052,فاطمة العمري,fatimah.alomari6@hotmail.com,+966503191560,SA,Abha,Private,02.10.2017,37000.00,Enabled
C-100053,Oasis Water,info@oasiswater.com.sa,+966523295399,المملكة العربية السعودية,Makkah Al Mukarramah,Corporate,06.12.2011,475000.00,Enabled
C-100054,Summit Engineering,sales@summitengineering.com.sa,+966554357789,المملكة العربية السعودية,Taif,Enterprise account,03.09.2019,220000.00,Enabled
C-100055,Corniche Hospitality,info@cornichehospitality.com.sa,+447175935323,Britain,,Corporate,07.11.2013,255000.00,Enabled
C-100056,Faisal Alanazi,faisal.alanazi28@yahoo.com,+447219713770,Great Britain,London,Retail customer,04.07.2007,,Disabled
C-100057,Ali Farouk,ali.farouk64@gmail.com,+966519960764,K.S.A,Ar Riyadh,Private,11.09.2017,6500.00,Enabled
C-100058,Sands Real Estate,TBD,+96896565120,Sultanate of Oman,Masqat,Corporate,04.08.2007,65000.00,Disabled
C-100059,Ahmed Khan,ahmed.khan90@outlook.com,+966517803264,المملكة العربية السعودية,Makkah,Private,07.09.2026,,Enabled
C-100060,Corniche Hospitality,info@cornichehospitality.com.sa,+971513781216,U.A.E.,Sharjah,Corporate,06.02.2011,410000.00,Enabled
C-100061,فيصل الشهري,,+96566966213,State of Kuwait,Kuwait City,Retail customer,07.12.2008,16000.00,Disabled
C-100062,Abdullah Alomari,,+966596414780,Kingdom of Saudi Arabia,Khobar,Retail customer,09.12.2013,,Enabled
C-100063,أحمد العنزي,ahmed.alanazi12@gmail.com,+96893847819,Sultanate of Oman,Masqat,Private,08.03.2026,,Disabled
C-100064,Yousef Alghamdi,yousef.alghamdi12@yahoo.com,+97452031370,State of Qatar,Doha,Retail customer,11.06.2021,23500.00,Enabled
C-100065,Reem Sharma,reem.sharma26@gmail.com,+966586968175,K.S.A,Makkah,Private,03.01.2020,12500.00,Enabled
C-100066,Al Noor Trading,accounts@alnoortrading.com.sa,+97339627035,Kingdom of Bahrain,Al Manamah,Enterprise account,02.12.2010,365000.00,Enabled
C-100067,يوسف الدوسري,yousef.aldosari75@yahoo.com,+97332663122,Kingdom of Bahrain,Manama,Retail customer,06.09.2023,,Enabled
C-100068,Tihama Electronics,sales@tihamaelectronics.com.sa,none,SA,Madinah,Enterprise account,02.08.2022,275000.00,Disabled
C-100069,سارة العنزي,sara.alanazi28@hotmail.com,,Saudia,Madinah,Private,08.02.2012,16000.00,Enabled
C-100070,ريم المطيري,reem.almutairi3@hotmail.com,+923383708763,Islamic Republic of Pakistan,Karachi City,Private,06.08.2013,,Enabled
C-100071,Noura Khan,noura.khan83@yahoo.com,+966542935503,SA,Khobar,Retail customer,01.10.2016,,Enabled
C-100072,Oasis Water,info@oasiswater.com.sa,+966502807627,SA,,Corporate,12.11.2017,15000.00,Enabled
C-100073,Khalid Alshammari,,+96893081661,OM,Masqat,Retail customer,09.03.2013,1500.00,Enabled
C-100074,Lina Sharma,lina.sharma1@outlook.com,+96891542770,Sultanate of Oman,Masqat,Retail customer,03.06.2008,11500.00,Enabled
C-100075,Hassan Alotaibi,hassan.alotaibi61@hotmail.com,none,JO,Amman,Retail customer,08.09.2018,,Enabled
C-100076,Sultan Khan,sultan.khan12@yahoo.com,+966572124153,SA,غير متوفر,Retail customer,09.04.2020,36500.00,Enabled
C-100077,Lina Alghamdi,,+971547408305,Emirates,Dubai,Private,08.11.2007,23500.00,Enabled
C-100078,رنا فاروق,rana.farouk28@yahoo.com,+966518934514,Kingdom of Saudi Arabia,Ar Riyadh,Private,06.04.2008,,Enabled
C-100079,يوسف حداد,yousef.haddad39@yahoo.com,+966571955865,SA,Abha,Retail customer,12.02.2020,15000.00,Enabled
C-100080,Haya Alqahtani,haya.alqahtani58@outlook.com,+966527559763,Kingdom of Saudi Arabia,Madinah,Private,04.06.2019,38500.00,Enabled
C-100081,Jana Alghamdi,jana.alghamdi5@outlook.com,+966529801966,K.S.A,Jeddah,Retail customer,10.07.2008,12000.00,Enabled
C-100082,Summit Engineering,TBD,+201008522775,Arab Republic of Egypt,Iskandariya,Enterprise account,11.11.2018,470000.00,Enabled
C-100083,Reem Haddad,reem.haddad92@hotmail.com,+971568382286,AE,Sharjah,Retail customer,04.06.2006,,Enabled
C-100084,Mariam Khan,mariam.khan55@yahoo.com,+97336318651,Kingdom of Bahrain,Manama,Private,05.08.2011,,Enabled
C-100085,Jana Khan,TBD,+96569710442,State of Kuwait,Al Kuwait,Retail customer,08.07.2025,,Enabled
C-100086,Majed Hamdan,majed.hamdan31@hotmail.com,+971531858205,AE,Dubayy,Private,02.05.2017,,Enabled
C-100087,Palm Valley Farms,accounts@palmvalleyfarms.com.sa,+971558443481,AE,Abu Dhabi,Corporate,03.03.2007,95000.00,Disabled
C-100088,Oasis Water,accounts@oasiswater.com.sa,+966578921350,SA,Tabuk,Corporate,06.01.2023,20000.00,Enabled
C-100089,وردة الصحراء للتجزئة,info@desertroseretail.com.sa,+966551201646,SA,Taif,Corporate,12.08.2016,120000.00,Disabled
C-100090,Ahmed Alshammari,?,+966580561291,SA,Makkah Al Mukarramah,Private,10.10.2012,36500.00,Enabled
C-100091,Abdullah Almutairi,abdullah.almutairi13@outlook.com,+966548181856,SA,Tabuk,Private,02.06.2008,49000.00,Enabled
C-100092,Sultan Aldosari,sultan.aldosari69@hotmail.com,TBD,OM,Muscat,Retail customer,10.09.2025,,Enabled
C-100093,Nasser Alharbi,nasser.alharbi65@hotmail.com,+971545751187,Emirates,Dubai,Retail customer,11.03.2022,,Enabled
C-100094,Nasser Nasr,TBD,,Kingdom of Saudi Arabia,Madinah,Private,11.08.2008,,Enabled
C-100095,يوسف الشهري,yousef.alshehri42@outlook.com,+966586541626,SA,Dammam,Retail customer,10.08.2025,45000.00,Enabled
C-100096,Aisha Smith,aisha.smith47@hotmail.com,+966527164291,SA,Ar Riyadh,Retail customer,08.05.2022,,Enabled
C-100097,Abdullah Alshammari,abdullah.alshammari82@hotmail.com,+962758287830,JO,Amman City,Private,11.04.2010,9000.00,Enabled
C-100098,Fahad Almutairi,fahad.almutairi94@gmail.com,+966568374079,SA,Dammam,Private,08.06.2017,,Enabled
C-100099,Yousef Albishri,yousef.albishri18@gmail.com,+966568228251,Saudia,Madinah,Private,02.02.2026,30000.00,Disabled
C-100100,Turki Albishri,turki.albishri90@gmail.com,n.a.,Arab Republic of Egypt,Alexandria,Private,02.01.2010,41500.00,Enabled
C-100101,Abdullah Alshammari,abdullah.alshammari90@gmail.com,+966516666627,SA,Makkah Al Mukarramah,Private,10.04.2021,10500.00,Enabled
C-100102,Mariam Aljuhani,mariam.aljuhani7@outlook.com,+966561820175,Saudia,Khobar,Retail customer,03.07.2009,,Enabled
C-100103,Sultan Almutairi,sultan.almutairi48@outlook.com,+962766242305,Hashemite Kingdom of Jordan,Amman,Private,06.02.2006,,Enabled
C-100104,Red Sea Logistics,info@redsealogistics.com.sa,+966551696436,SA,Makkah,Enterprise account,12.02.2014,270000.00,Enabled
C-100105,Majed Alanazi,majed.alanazi59@hotmail.com,+96891692021,Sultanate of Oman,Muscat,Private,03.12.2011,4000.00,Enabled
C-100106,Noura Nasr,noura.nasr93@gmail.com,+966517908827,Saudia,Riyadh,Private,02.02.2019,12500.00,Enabled
C-100107,Turki Khan,turki.khan61@yahoo.com,+966518709139,SA,Madinah,Private,05.06.2025,,Enabled
C-100108,Sands Real Estate,accounts@sandsrealestate.com.sa,+97457238100,QA,Ad Dawhah,Enterprise account,12.12.2012,355000.00,Enabled
C-100109,Ahmed Almutairi,ahmed.almutairi73@yahoo.com,,SA,,Private,09.05.2007,,Enabled
C-100110,Noura Alomari,noura.alomari47@hotmail.com,+966547027188,SA,Abha,Private,06.07.2011,27500.00,Disabled
C-100111,مريم العمري,mariam.alomari80@outlook.com,+966583203009,SA,Al-Khubar,Retail customer,09.05.2014,24000.00,Disabled
C-100112,الحجاز للمستلزمات الطبية,accounts@hejazmedicalsupplies.com.sa,+962769822147,Hashemite Kingdom of Jordan,Amman,Enterprise account,09.08.2022,95000.00,Enabled
C-100113,Reem Haddad,reem.haddad25@icloud.com,+966545362954,Saudia,Tabuk,Retail customer,05.07.2016,,Enabled
C-100114,لينا العتيبي,,غير متوفر,Arab Republic of Egypt,Iskandariya,Retail customer,12.09.2019,,Enabled
C-100115,Maha Haddad,maha.haddad65@gmail.com,,SA,Juddah,Retail customer,01.12.2009,3500.00,Enabled
C-100116,Majed Alghamdi,majed.alghamdi70@icloud.com,+97335566783,BH,Al Manamah,Private,06.04.2020,11000.00,Enabled
C-100117,Yousef Haddad,غير متوفر,n.a.,SA,At Taif,Private,04.07.2014,,Disabled
C-100118,حسن السلمي,hassan.alsulami61@yahoo.com,+97331722478,BH,Manama,Private,06.12.2012,,Enabled
C-100119,Oasis Water,sales@oasiswater.com.sa,غير متوفر,SA,Taif,Enterprise account,12.04.2005,350000.00,Enabled
C-100120,Haya Smith,haya.smith79@yahoo.com,+966552280546,SA,Madinah,Private,01.10.2016,,Enabled
C-100121,فهد خان,fahad.khan50@gmail.com,+97456397642,State of Qatar,Doha,Retail customer,02.01.2012,12000.00,Disabled
C-100122,Desert Rose Retail,accounts@desertroseretail.com.sa,+966576621508,SA,Al Madinah Al Munawwarah,Corporate,03.09.2022,55000.00,Enabled
C-100123,Hejaz Medical Supplies,n.a.,+966531399012,Kingdom of Saudi Arabia,Tabouk,Enterprise account,08.08.2013,80000.00,Disabled
C-100124,Sara Sharma,,+966505859903,SA,Ad Dammam,Retail customer,03.11.2013,,Enabled
C-100125,علي القحطاني,ali.alqahtani1@yahoo.com,+966546689153,SA,Ad Dammam,Private,07.02.2007,44500.00,Enabled
C-100126,Al Noor Trading,sales@alnoortrading.com.sa,+966555466559,SA,Riyadh,Enterprise account,09.01.2021,95000.00,Enabled
C-100127,Ahmed Farouk,,+966561835726,SA,Al Madinah Al Munawwarah,Retail customer,12.11.2007,,Disabled
C-100128,Abeer Almutairi,غير متوفر,+966582022751,Saudia,Riyadh,Retail customer,11.02.2016,44500.00,Enabled
C-100129,مريم الزهراني,mariam.alzahrani69@hotmail.com,+966534746745,المملكة العربية السعودية,Jeddah,Retail customer,10.09.2020,,Enabled
C-100130,عبير الزهراني,abeer.alzahrani35@icloud.com,+96899233063,Sultanate of Oman,Masqat,Retail customer,09.06.2016,,Enabled
C-100131,Blue Horizon Travel,info@bluehorizontravel.com.sa,+966552909131,Saudia,Al-Khubar,Enterprise account,01.07.2014,265000.00,Enabled
C-100132,Maha Alomari,n.a.,+966572019765,المملكة العربية السعودية,Makkah,Retail customer,08.02.2011,,Enabled
C-100133,Lina Almutairi,lina.almutairi53@gmail.com,+966523650177,K.S.A,Khobar,Retail customer,07.04.2025,18000.00,Enabled
C-100134,Sultan Sharma,sultan.sharma10@gmail.com,+966524619313,K.S.A,TBD,Retail customer,07.07.2025,24500.00,Enabled
C-100135,Abdullah Alshehri,,,SA,Tabouk,Private,05.03.2015,46500.00,Enabled
C-100136,Rana Alzahrani,rana.alzahrani4@yahoo.com,+966568444331,SA,Taif,Private,04.09.2017,,Enabled
C-100137,Yousef Alomari,yousef.alomari62@hotmail.com,?,AE,Dubai,Private,09.11.2009,,Enabled
C-100138,Lina Farouk,lina.farouk39@hotmail.com,+966556409426,Kingdom of Saudi Arabia,Makkah,Private,03.09.2026,,Enabled
C-100139,Haya Aljuhani,haya.aljuhani35@yahoo.com,+966512813866,SA,Makkah Al Mukarramah,Private,06.09.2007,46000.00,Disabled
C-100140,Gulf Star Foods,info@gulfstarfoods.com.sa,+966592593262,SA,Abha,Corporate,05.05.2024,135000.00,Enabled
C-100141,مريم الغامدي,mariam.alghamdi63@yahoo.com,+966539570358,SA,Tabuk,Retail customer,08.07.2024,,Disabled
C-100142,Najd Contracting,info@najdcontracting.com.sa,+966514750646,المملكة العربية السعودية,Khobar,Corporate,04.02.2015,155000.00,Enabled
C-100143,عبير الدوسري,abeer.aldosari59@hotmail.com,+971514661512,AE,n.a.,Retail customer,08.12.2007,,Enabled
C-100144,Najd Contracting,info@najdcontracting.com.sa,+14154304392,America,New York,Enterprise account,07.02.2017,435000.00,Enabled
C-100145,Lina Smith,lina.smith19@icloud.com,+966506864768,المملكة العربية السعودية,Al Madinah Al Munawwarah,Private,07.09.2009,45500.00,Enabled
C-100146,Najd Contracting,,+966569891737,SA,Khobar,Enterprise account,10.01.2020,320000.00,Enabled
C-100147,Mariam Albishri,mariam.albishri48@yahoo.com,+201051730407,EG,Iskandariya,Private,03.06.2020,,Enabled
C-100148,Desert Rose Retail,info@desertroseretail.com.sa,+966528351509,K.S.A,Al-Khubar,Corporate,02.08.2013,390000.00,Enabled
C-100149,Mohammed Alqahtani,mohammed.alqahtani56@yahoo.com,+971566923733,Emirates,Sharjah,Private,04.11.2014,,Enabled
C-100150,Yousef Farouk,yousef.farouk58@hotmail.com,+962734394326,Hashemite Kingdom of Jordan,Amman City,Private,03.03.2024,8500.00,Enabled
C-100151,Blue Horizon Travel,sales@bluehorizontravel.com.sa,+966518041882,K.S.A,Tabouk,Enterprise account,08.05.2012,455000.00,Enabled
C-100152,نورة الحربي,noura.alharbi90@icloud.com,+966517778381,Kingdom of Saudi Arabia,Al Madinah Al Munawwarah,Retail customer,10.08.2009,,Enabled
C-100153,Maha Aljuhani,none,+966557429667,Saudia,Al Madinah Al Munawwarah,Retail customer,03.09.2024,,Disabled
C-100154,الرمال للعقارات,info@sandsrealestate.com.sa,+966512329932,SA,Ad Dammam,Corporate,05.02.2023,235000.00,Enabled
C-100155,Summit Engineering,accounts@summitengineering.com.sa,+966527907822,Saudia,Al Madinah Al Munawwarah,Corporate,07.03.2005,155000.00,Enabled
C-100156,Ali Haddad,,+971553239264,Emirates,Al Sharjah,Private,12.05.2018,,Enabled
C-100157,Lama Alotaibi,lama.alotaibi52@yahoo.com,+966506567160,K.S.A,Abha,Retail customer,03.11.2024,,Enabled
C-100158,أحمد نصر,ahmed.nasr75@yahoo.com,+971512128171,Emirates,Al Sharjah,Private,05.09.2022,7000.00,Enabled
C-100159,Khalid Aljuhani,khalid.aljuhani63@icloud.com,+971588586926,U.A.E.,غير متوفر,Private,10.07.2020,,Enabled
C-100160,يوسف القحطاني,yousef.alqahtani34@yahoo.com,+966538931373,Kingdom of Saudi Arabia,Al-Khubar,Retail customer,03.04.2007,,Enabled
C-100161,ماجد الزهراني,majed.alzahrani4@gmail.com,?,المملكة العربية السعودية,Jiddah,Retail customer,07.10.2025,,Enabled
C-100162,حسن الزهراني,hassan.alzahrani78@hotmail.com,+971586731776,Emirates,Abu Dhabi,Retail customer,03.10.2013,,Enabled
C-100163,Ali Alanazi,ali.alanazi46@outlook.com,+971504618559,AE,Dubai,Retail customer,11.02.2012,,Disabled
C-100164,Gulf Star Foods,sales@gulfstarfoods.com.sa,+966516460856,K.S.A,Al-Khubar,Enterprise account,07.10.2007,375000.00,Enabled
C-100165,Red Sea Logistics,sales@redsealogistics.com.sa,+97331903705,Kingdom of Bahrain,Al Manamah,Enterprise account,03.01.2005,270000.00,Disabled
C-100166,Summit Engineering,accounts@summitengineering.com.sa,+966549245958,المملكة العربية السعودية,Tabouk,Enterprise account,08.02.2007,180000.00,Enabled
C-100167,Lina Farouk,lina.farouk48@gmail.com,+14153171065,U.S.,New York,Retail customer,08.04.2024,38500.00,Enabled
C-100168,Hind Alqahtani,hind.alqahtani52@hotmail.com,+966543125526,K.S.A,,Retail customer,03.11.2005,,Enabled
C-100169,Ahmed Alshammari,ahmed.alshammari78@outlook.com,+966526618546,المملكة العربية السعودية,Madinah,Private,12.08.2018,,Enabled
C-100170,ناصر نصر,nasser.nasr39@outlook.com,+966594071745,SA,Makkah,Retail customer,07.08.2025,,Enabled
C-100171,Aisha Almutairi,aisha.almutairi82@icloud.com,+966561208470,SA,Taif,Retail customer,03.03.2007,36500.00,Enabled
C-100172,Omar Alghamdi,omar.alghamdi6@gmail.com,+966509299305,Saudia,Makkah,Retail customer,05.01.2022,,Enabled
C-100173,ناصر خان,nasser.khan48@hotmail.com,+919559592062,IN,Mumbai,Retail customer,07.12.2010,,Enabled
C-100174,Aisha Alomari,aisha.alomari17@hotmail.com,+966579817278,SA,Dammam,Retail customer,08.05.2020,4000.00,Enabled
C-100175,Ahmed Alomari,ahmed.alomari6@gmail.com,+966561863162,Saudia,Dammam,Retail customer,09.12.2009,,Enabled
C-100176,فاطمة نصر,fatimah.nasr16@hotmail.com,+966534265118,SA,Jeddah,Private,02.06.2020,,Enabled
C-100177,Haya Alsulami,haya.alsulami21@outlook.com,+966508999695,SA,Madinah,Private,04.11.2012,,Enabled
C-100178,Lama Albishri,lama.albishri96@hotmail.com,+966514008773,SA,Al Madinah Al Munawwarah,Private,06.02.2026,,Disabled
C-100179,Majed Alharbi,majed.alharbi93@hotmail.com,+96561323976,KW,Al Kuwait,Private,03.12.2014,,Enabled
C-100180,ريم الزهراني,reem.alzahrani56@hotmail.com,+962763018724,Hashemite Kingdom of Jordan,Amman City,Private,03.05.2022,,Disabled
C-100181,حسن شارما,hassan.sharma17@outlook.com,+97459849119,QA,Ad Dawhah,Private,12.07.2026,45000.00,Enabled
C-100182,ريم حمدان,reem.hamdan97@outlook.com,+966546135663,SA,Ar Riyadh,Private,02.01.2007,,Disabled
C-100183,Mohammed Almutairi,mohammed.almutairi64@gmail.com,+966589100285,Kingdom of Saudi Arabia,Jeddah,Retail customer,01.10.2005,30000.00,Enabled
C-100184,Mariam Smith,mariam.smith59@yahoo.com,+971561109954,AE,Abu Dhabi,Retail customer,11.03.2007,38500.00,Enabled
C-100185,هيا الدوسري,haya.aldosari69@yahoo.com,+966510452155,K.S.A,Taif,Retail customer,02.11.2019,,Enabled
C-100186,غادة فاروق,ghada.farouk13@gmail.com,+97452140613,State of Qatar,Ad Dawhah,Private,07.05.2021,22000.00,Enabled
C-100187,Fatimah Alghamdi,fatimah.alghamdi42@outlook.com,+971597001266,AE,Abu Dhabi,Retail customer,02.05.2020,,Enabled
C-100188,Rana Farouk,rana.farouk7@hotmail.com,+97333449196,Kingdom of Bahrain,Manama,Retail customer,04.10.2019,,Disabled
C-100189,Mariam Smith,mariam.smith64@hotmail.com,+14158203453,America,NY,Private,03.07.2026,43000.00,Enabled
C-100190,Hind Haddad,hind.haddad28@yahoo.com,+447646705955,Great Britain,Greater London,Retail customer,12.04.2022,4000.00,Enabled
C-100191,ناصر الشهري,nasser.alshehri1@yahoo.com,+966502298388,SA,Riyadh,Retail customer,09.04.2014,,Enabled
C-100192,Sara Alomari,sara.alomari60@icloud.com,+923600292588,Islamic Republic of Pakistan,Karachi,Retail customer,07.03.2023,,Disabled
C-100193,سلطان الحربي,sultan.alharbi58@hotmail.com,+966588524876,Kingdom of Saudi Arabia,Tabouk,Private,12.01.2021,,Enabled
C-100194,فيصل الدوسري,faisal.aldosari70@outlook.com,+96899212351,Sultanate of Oman,Muscat,Private,02.06.2016,37500.00,Enabled
C-100195,Palm Valley Farms,,+971560521886,Emirates,Sharjah,Corporate,07.02.2018,35000.00,Enabled
C-100196,Aisha Almutairi,aisha.almutairi82@gmail.com,+966544796261,Kingdom of Saudi Arabia,Makkah Al Mukarramah,Private,11.03.2014,,Disabled
C-100197,Ghada Alshammari,ghada.alshammari46@hotmail.com,+971562705687,AE,Sharjah,Retail customer,12.02.2009,14500.00,Enabled
C-100198,Sara Alshehri,TBD,+97330119505,BH,Al Manamah,Private,11.09.2018,4000.00,Enabled
C-100199,Gulf Star Foods,info@gulfstarfoods.com.sa,+919596683215,IN,Mumbai City,Enterprise account,05.11.2011,110000.00,Disabled
C-100200,Hejaz Medical Supplies,accounts@hejazmedicalsupplies.com.sa,+966512007407,SA,Makkah Al Mukarramah,Corporate,05.09.2005,325000.00,Enabled
C-100201,Ali Aldosari,ali.aldosari32@gmail.com,+966508900664,K.S.A,Tabouk,Retail customer,08.05.2025,,Enabled
C-100202,الهلال لقطع الغيار,sales@crescentautoparts.com.sa,+966560858818,SA,Makkah,Corporate,12.12.2015,180000.00,Disabled
C-100203,Mariam Alharbi,mariam.alharbi61@outlook.com,+966547438102,Saudia,Tabuk,Retail customer,03.07.2010,15500.00,Enabled
C-100204,Noura Nasr,noura.nasr58@outlook.com,+966598619267,Kingdom of Saudi Arabia,none,Private,11.12.2021,,Disabled
C-100205,Ahmed Almutairi,ahmed.almutairi28@icloud.com,+919391589866,IN,Mumbai,Private,07.03.2022,,Enabled
C-100206,Lina Nasr,lina.nasr23@icloud.com,+966504905913,SA,Riyadh,Private,09.03.2010,26000.00,Enabled
C-100207,Rana Sharma,rana.sharma90@gmail.com,+962741806447,Hashemite Kingdom of Jordan,Amman City,Private,07.07.2019,26500.00,Enabled
C-100208,Nasser Farouk,n.a.,+14154800634,U.S.,NY,Retail customer,02.09.2017,35500.00,Enabled
C-100209,الواحة للمياه,sales@oasiswater.com.sa,+97336585622,BH,Al Manamah,Enterprise account,06.12.2019,55000.00,Enabled
C-100210,سعود نصر,saud.nasr84@icloud.com,+966557871911,SA,غير متوفر,Private,11.06.2017,,Enabled
C-100211,مها فاروق,maha.farouk91@outlook.com,+966540444158,المملكة العربية السعودية,Madinah,Private,03.03.2024,,Enabled
C-100212,عمر العتيبي,n.a.,+966573060392,SA,Riyadh,Retail customer,02.04.2012,,Enabled
C-100213,Summit Engineering,info@summitengineering.com.sa,+966541373648,K.S.A,Khobar,Enterprise account,03.11.2009,360000.00,Enabled
C-100214,الرمال للعقارات,accounts@sandsrealestate.com.sa,+201081268120,EG,Iskandariya,Corporate,04.12.2013,485000.00,Enabled
C-100215,Majed Sharma,majed.sharma64@icloud.com,+966591727021,SA,Taif,Retail customer,12.03.2016,44500.00,Enabled
C-100216,Abeer Alghamdi,abeer.alghamdi24@yahoo.com,+96565365527,State of Kuwait,غير متوفر,Retail customer,05.09.2008,,Enabled
C-100217,Yousef Alharbi,yousef.alharbi49@gmail.com,+97458306082,State of Qatar,Ad Dawhah,Private,07.09.2025,42000.00,Enabled
C-100218,Gulf Star Foods,n.a.,+966576014855,SA,Taif,Corporate,08.12.2022,290000.00,Enabled
C-100219,Maha Aljuhani,maha.aljuhani80@gmail.com,+966546913218,Saudia,none,Private,04.10.2005,,Enabled
C-100220,Summit Engineering,info@summitengineering.com.sa,+966570673858,SA,Taif,Corporate,09.02.2024,25000.00,Enabled
C-100221,رنا سميث,rana.smith37@icloud.com,+971558797290,AE,Dubai,Retail customer,08.03.2017,,Enabled
C-100222,شركة النور للتجارة,sales@alnoortrading.com.sa,+96893445617,Sultanate of Oman,Muscat,Enterprise account,06.09.2019,400000.00,Enabled
C-100223,Hassan Alsulami,hassan.alsulami68@icloud.com,+971519409632,U.A.E.,Dubai,Private,02.06.2014,17500.00,Enabled
C-100224,مريم شارما,mariam.sharma57@yahoo.com,?,K.S.A,Ad Dammam,Private,08.03.2007,,Disabled
C-100225,Abdullah Almutairi,abdullah.almutairi37@outlook.com,+966557193353,SA,Riyadh,Retail customer,09.07.2009,3000.00,Enabled
C-100226,Faisal Alzahrani,faisal.alzahrani30@yahoo.com,+923124344962,Islamic Republic of Pakistan,Karachi City,Retail customer,01.09.2016,,Enabled
C-100227,Abeer Aldosari,abeer.aldosari82@yahoo.com,+966577473345,SA,Tabuk,Retail customer,05.01.2009,50000.00,Enabled
C-100228,الهلال لقطع الغيار,info@crescentautoparts.com.sa,+971572232878,AE,Dubai,Enterprise account,04.03.2006,285000.00,Disabled
C-100229,عمر العمري,omar.alomari13@icloud.com,+97457795462,QA,Doha,Retail customer,04.05.2013,,Enabled
C-100230,هيا الدوسري,,none,Sultanate of Oman,Muscat,Private,09.03.2024,4000.00,Enabled
C-100231,لمى فاروق,lama.farouk95@outlook.com,+971545857196,Emirates,Abu Dhabi,Retail customer,06.06.2013,18500.00,Enabled
C-100232,ريم العتيبي,reem.alotaibi94@gmail.com,+966556507091,SA,Abhaa,Private,02.08.2023,40500.00,Enabled
C-100233,فهد العتيبي,fahad.alotaibi69@gmail.com,+966574566764,المملكة العربية السعودية,Riyadh,Private,11.02.2009,,Enabled
C-100234,Crescent Auto Parts,info@crescentautoparts.com.sa,none,SA,Dammam,Enterprise account,01.05.2019,220000.00,Enabled
C-100235,Najd Contracting,accounts@najdcontracting.com.sa,,SA,Ad Dammam,Corporate,04.05.2006,55000.00,Enabled
C-100236,Hassan Khan,hassan.khan56@gmail.com,+97332882774,Kingdom of Bahrain,Manama,Retail customer,05.08.2022,9500.00,Enabled
C-100237,Najd Contracting,,+966562332549,SA,Riyadh,Corporate,07.02.2021,365000.00,Enabled
C-100238,Majed Alshehri,majed.alshehri77@outlook.com,+966535702527,SA,At Taif,Retail customer,09.01.2006,44500.00,Enabled
C-100239,Corniche Hospitality,accounts@cornichehospitality.com.sa,+966586648363,Saudia,Dammam,Enterprise account,09.05.2021,455000.00,Enabled
C-100240,Rana Hamdan,rana.hamdan48@icloud.com,+966568175211,SA,Tabuk,Retail customer,09.07.2025,,Disabled
C-100241,محمد المطيري,mohammed.almutairi59@hotmail.com,+966557980980,المملكة العربية السعودية,Khobar,Retail customer,09.03.2022,,Disabled
C-100242,Lina Alotaibi,lina.alotaibi44@hotmail.com,+201029747585,Arab Republic of Egypt,Alexandria,Private,04.06.2023,45000.00,Enabled
C-100243,مها حمدان,maha.hamdan83@outlook.com,غير متوفر,المملكة العربية السعودية,Tabuk,Private,12.06.2021,,Enabled
C-100244,Mariam Khan,none,+966560686369,المملكة العربية السعودية,Madinah,Retail customer,02.08.2022,2000.00,Enabled
C-100245,Fahad Alzahrani,fahad.alzahrani50@gmail.com,+962756144425,JO,Amman,Private,10.07.2011,,Disabled
C-100246,الهلال لقطع الغيار,accounts@crescentautoparts.com.sa,+966521134987,Saudia,Ad Dammam,Corporate,04.05.2005,430000.00,Enabled
C-100247,Mariam Almutairi,mariam.almutairi15@gmail.com,+966528074605,المملكة العربية السعودية,Riyadh,Private,10.10.2013,,Enabled
C-100248,Yousef Alharbi,yousef.alharbi24@outlook.com,+966534987135,K.S.A,Juddah,Private,01.06.2008,48000.00,Enabled
C-100249,Khalid Alshehri,khalid.alshehri56@gmail.com,+962788650669,Hashemite Kingdom of Jordan,Amman City,Retail customer,06.05.2024,19000.00,Enabled
C-100250,غادة العنزي,ghada.alanazi66@outlook.com,+97458268902,State of Qatar,Doha,Retail customer,06.12.2010,15000.00,Enabled
